"name","host","url","category","tagline","evidence","claimed_taken","top_bid","bidders","minimum_bid","payment_rail","listed_at","registered_at","registrar","clicks","referrals","figures_read_at"
"2050","2050.lol","https://2050.lol/","Websites & products","Climate, energy, food and materials companies, ranked by cumulative amount paid.","Measured","$40","","","$5","","2026-09-03T09:01:42.824Z","","","3","0","2026-09-03T13:19:32.461Z"
"2029","2029.lol","https://2029.lol/","AI tools & agents","AI tools, agents and developer infrastructure, ranked by cumulative amount paid.","Measured","$40","","","$5","","2026-09-03T09:01:02.017Z","","","4","0","2026-09-03T13:19:32.688Z"
"1012","1012.lol","https://1012.lol/","Websites & products","Any product, ranked by cumulative amount paid, capped at 1,012 listings.","Measured","$2,500","","","$5","","2026-09-03T09:00:05.210Z","","","4","0","2026-09-03T13:19:32.858Z"
"AgencyThrone","agencythrone.lol","https://agencythrone.lol/","AI tools & agents","A public pay-to-rank leaderboard for growth agencies. No ads, no API keys, no revenue sharing. Rank is the bid — nothing else.","Measured","$108","$99","","$1","","2026-09-03T06:00:55.905Z","","","3","0","2026-09-03T06:04:54.106Z"
"toprung.lol","toprung.lol","https://toprung.lol/","AI tools & agents","A global pay-to-rank leaderboard with a 2%/day decay curve. No accounts, ever. Submit for free, pay whole dollars to claim an actual rank, hold it if you can.","Explicit $0","$0","","","","","2026-09-03T05:45:47.197Z","","","2","0","2026-09-03T05:49:49.978Z"
"citedbyai.lol","citedbyai.lol","https://citedbyai.lol/","AI tools & agents","A public, ranked directory built for AI crawlers. Structured data, llms.txt, server-rendered listings. Bid to rank. Spots start at $5.","Measured","$123","$27","","$5","","2026-09-01T22:15:10.302Z","","","7","0","2026-09-01T23:14:34.838Z"
"BuildRank","buildrank.lol","https://buildrank.lol/","Websites & products","The public pay-to-rank leaderboard. Submit anything, pay to rank higher, get outbid and lose the spot. #1 gets seen by everyone who visits.","Explicit $0","$0","","","$1","","2026-09-01T19:15:04.593Z","","","7","0","2026-09-01T19:20:09.164Z"
"Freeboard","freeboard.lol","https://freeboard.lol/","Websites & products","Discover pay-to-rank and leaderboard sites in one independent index. Claim yours free by domain email or a public backlink.","Verified - unmeasured","","","","$5","","2026-09-01T09:15:04.297Z","","","8","0",""
"launchday","launchday.lol","https://launchday.lol/","AI tools & agents","Launch your product on today's leaderboard from $1 — a daily alternative to Product Hunt. Anyone can overtake you before midnight UTC, then the final rankings are archived forever.","Explicit $0","$0","","","$1","","2026-09-01T08:15:05.969Z","","","9","0","2026-09-02T00:05:38.279Z"
"TubeBid","tubebid.lol","https://tubebid.lol/","X accounts","A minimalist global pay-to-rank leaderboard for YouTube creators. Claim your position, outbid creators, and rise to the top.","Verified - unmeasured","","","","","","2026-09-01T08:15:04.687Z","","","9","0",""
"BidRank","bidrank.com.au","https://bidrank.com.au/","AI tools & agents","BidRank is paid ranking for Australian tech. Software, AI and startups buy a leaderboard spot from $5 AUD. Higher bid, higher rank.","Measured","$1,405","$500","","$5","","2026-09-01T02:15:04.127Z","","","9","0","2026-09-01T02:19:24.168Z"
"emojibid","emojibid.lol","https://emojibid.lol/","AI tools & agents","Claim an emoji from $1 and it is yours permanently. Nobody can outbid you for it, ever.","Verified - unmeasured","","","","$1","","2026-08-31T22:45:04.101Z","","","8","0",""
"jaipur.lol","jaipur.lol","https://jaipur.lol/","AI tools & agents","Jaipur businesses and startups, ranked by the bid they place to be discovered. Claim your position in Jaipur from ₹100 and get a free AI Visibility Report.","Measured","$6.90","$5.75","","₹100","","2026-08-31T22:15:04.185Z","","","10","0","2026-08-31T22:20:00.643Z"
"Socials.win","socials.win","https://socials.win/","Ads & billboards","Discover the creators winning attention on the public leaderboard.","Measured","$2,713","$501","","","","2026-08-31T19:32:14.752Z","","","12","0","2026-08-31T20:36:32.053Z"
"pinit.lol","pinit.lol","https://pinit.lol/","Ads & billboards","Discover what people are building around the world. Pin your product and stake to compete for the top spot in any country.","Verified - unmeasured","","","","","","2026-08-31T18:15:43.241Z","","","9","0",""
"Launchboard","launchboard.win","https://launchboard.win/","X accounts","An outbid.lol alternative for indie makers: discover products, startup tools, and creators ranked by paid claims. List your link and climb.","Measured","$13","$4","","","","2026-08-31T08:45:07.589Z","","","10","0","2026-09-02T15:10:13.847Z"
"ADPO","adpo.lol","https://adpo.lol/","AI tools & agents","Not ready to IPO? Then ADPO instead. Take over the square and go public in digital style.","Measured","$128","$26","","$22","","2026-08-31T06:15:07.616Z","","","9","0","2026-08-31T06:24:52.908Z"
"The Internet Bus Stop","busstop.lol","https://busstop.lol/","Ads & billboards","10 Posters. One Bus Stop. Outbid for a spot.","Measured","$100","$20","","","","2026-08-29T21:15:48.111Z","","","12","0","2026-08-31T01:28:11.662Z"
"Template League","templateleague.lol","https://templateleague.lol/","AI tools & agents","The live leaderboard for website templates. Submit a valid listing, place a bid, and go live.","Measured","$741","$174","","$39","","2026-08-29T21:15:47.362Z","","","11","0","2026-08-31T15:54:48.637Z"
"Payola","payola.lol","https://payola.lol/","X accounts","A leaderboard you buy your way onto. Your stake decides your rank, and it burns down a little every day. Stop paying and you fade off the board.","Verified - unmeasured","","","","","","2026-08-29T08:45:31.594Z","","","12","0",""
"Merit List","meritlist.lol","https://meritlist.lol/","Regional & other currencies","A pay-to-rank leaderboard for Indian startups and products. List from ₹99 by UPI, then pay ₹99 more than the listing above you to take its place.","Verified - unmeasured","","","","₹99","","2026-08-29T05:45:02.767Z","","","13","0",""
"TILT. The leaderboard that falls 10% a day","tilt.nanocorp.app","https://tilt.nanocorp.app/","Directories of bid sites","A public leaderboard where any live product buys its rank in whole dollars. Every score falls 10% a day, so the top row is for sale again every morning.","Measured","$15","$3","","","","2026-08-28T18:45:48.106Z","","","11","0","2026-08-31T01:28:12.029Z"
"RankPop","rankpop.lol","https://rankpop.lol/","Ads & billboards","Paid product discovery from $1. Premium replacements return your payment minus a flat $1 fee, plus 30 more days of visibility.","Measured","$47","$15","","$1","","2026-08-28T14:15:48.151Z","","","11","0","2026-09-01T05:29:56.973Z"
"Outbid.lol Alternative: Top 3 Website Bidding","whoisnext.lol","https://whoisnext.lol/","AI tools & agents","Why did Outbid.lol go viral? Discover WhoIsNext.lol, an independent Top 3 website bidding leaderboard for startups, SaaS, AI tools and indie projects.","Measured","$0.37","$0.24","","","","2026-08-28T13:15:48.123Z","","","9","0","2026-09-04T05:20:02.620Z"
"indbid","indbid.lol","https://indbid.lol/","Websites & products","Discover India-built products going global and global products building for India on indbid’s public paid-placement board.","Measured","~$170.77","$57.50","","₹5","","2026-08-28T09:45:59.456Z","","","11","0","2026-09-01T03:29:50.512Z"
"TakeFirst.lol","takefirst.lol","https://takefirst.lol/","AI tools & agents","Take first. Hold the spot 24 hours. Pay $1 more before the clock hits zero or the seat opens. Rank is the bid.","Measured","$160","","","$5","","2026-08-28T09:45:59.185Z","","","11","0","2026-09-03T10:55:03.915Z"
"My backpack. Your brand.","brandmybackpack.lol","https://brandmybackpack.lol/","Ads & billboards","I commute the city every day. This backpack comes with me. I am your walking billboard.","Measured","$58","$11","","","","2026-08-28T09:45:55.833Z","","","10","0","2026-08-31T14:54:28.863Z"
"outbidarabs.lol","outbidarabs.lol","https://outbidarabs.lol/","X accounts","لوحة الترتيب المباشرة في العالم العربي: أعلى مزايدة = المركز الأول. أضف حسابك، ادعم صانعك المفضل، وتصدّر المشهد. The live pay-to-rank leaderboard for creators and brands.","Measured","$13","$5","","","","2026-08-27T18:45:59.143Z","","","10","0","2026-08-31T14:29:47.099Z"
"iOSBids","iosbids.lol","https://iosbids.lol/","AI tools & agents","The paid promotional leaderboard for iOS apps. App owners set their listing price for promotional placement position. The highest listing price holds #1.","Measured","$650","$151","","$152","","2026-08-27T11:45:07.142Z","","","12","0","2026-08-31T01:28:16.399Z"
"BidSpot","bidspot.site","https://bidspot.site/","Games & clips","List your startup free on BidSpot. A public Product Hunt alternative where SaaS and indie products rank by bid — or stay listed at $0. Built for US and UK makers.","Measured","$7","","","$5","","2026-08-27T07:45:09.385Z","","","11","0","2026-09-02T23:56:56.519Z"
"theGrove","thegrove.lol","https://thegrove.lol/","AI tools & agents","One field for the whole internet. Pick a square, plant a tree, pay what you want — the more you pay, the taller your brand stands. Planted forever, until someone outbids you. From $15.","Measured","$95","$20","","$15","","2026-08-27T07:45:07.139Z","","","10","0","2026-08-31T01:28:16.585Z"
"bidbook","bidbook.lol","https://bidbook.lol/","AI tools & agents","Pay to get your link on the board. The biggest total spend holds #1 — the only way up is to pay more.","Measured","$621","$49","","","","2026-08-27T07:15:07.129Z","","","8","0","2026-08-31T01:28:16.815Z"
"530 Businesses","530businesses.com","https://530businesses.com/","X accounts","Every spot on this board was bought, not earned. Outbid the business above you and take their place. No ads, no algorithm, no waiting list.","Measured","$138","$20","","$5","","2026-08-27T06:15:07.125Z","","","8","0","2026-09-01T18:45:04.373Z"
"BidRank","bidrank.dev","https://bidrank.dev/","Websites & products","A public leaderboard for SaaS and side-projects trying to get seen. Rank is bought, not earned. Outbid to move up.","Measured","$3","$2","","","","2026-08-27T04:45:07.124Z","","","8","0","2026-08-31T01:28:17.185Z"
"CrownSteal","crownsteal.lol","https://crownsteal.lol/","Games & clips","CrownSteal is a pay-to-rank public leaderboard. Higher lifetime bids climb the board — taking #1 costs $1 more than the current crown.","Measured","$1","","","","","2026-08-27T04:15:24.944Z","","","7","0","2026-08-27T04:19:21.241Z"
"endcap.lol","endcap.lol","https://endcap.lol/","Websites & products","Shoppers find new brands. Brands pay to get noticed. The internet superstore.","Measured","$45","","","","","2026-08-27T04:15:23.319Z","","","6","0","2026-08-30T00:05:02.303Z"
"whoisthegoat.lol","whoisthegoat.lol","https://whoisthegoat.lol/","Websites & products","Every goat from history and fiction, ranked by how much people paid to put them there. Outbid anyone. There is no committee.","Measured","$25","$6","","$1","","2026-08-27T04:15:22.896Z","","","6","0","2026-08-31T01:28:17.377Z"
"stealspot.lol","stealspot.lol","https://stealspot.lol/","X accounts","Paid public placement for products and profiles. Claim a rank, make your stake visible, and let the next launch outbid you.","Measured","$1,693","","","","","2026-08-27T04:15:20.582Z","","","10","0","2026-08-30T08:04:24.103Z"
"bestclick.lol","bestclick.lol","https://bestclick.lol/","Websites & products","A live board of SaaS products, ranked by how much each founder has put behind theirs. Click any row to visit the product.","Explicit $0","$0","","","$1","","2026-08-27T04:15:09.727Z","","","6","0","2026-08-29T08:29:11.189Z"
"touchinggrass.lol","touchinggrass.lol","https://touchinggrass.lol/","AI tools & agents","A pay-to-rank leaderboard for apps. Bid for a public spot, then post a verified photo of real grass every day — skip it and the score rots 10%.","Measured","$1","","","$1","","2026-08-27T04:15:08.941Z","","","7","0","2026-08-27T04:19:22.795Z"
"xthrone","xthrone.lol","https://xthrone.lol/","X accounts","An X leaderboard ranked by one number: what you paid. Pay a dollar more than the profile above you and take their seat.","Verified - unmeasured","","","","","","2026-08-27T04:15:08.482Z","","","6","0",""
"stayrich.lol","stayrich.lol","https://stayrich.lol/","X accounts","A public leaderboard ranked by what people spent to be on it. Anyone can say they're rich. Here you prove it.","Verified - unmeasured","","","","$5","","2026-08-27T04:15:07.133Z","","","7","0",""
"tshirtbid.lol","tshirtbid.lol","https://tshirtbid.lol/","Websites & products","$1 puts your logo on the shirt and nothing takes it off. Pay more than the person above you and you take their place. No deadline, no auction to lose.","Measured","$3","$1","","","","2026-08-27T03:45:15.729Z","","","6","0","2026-08-31T01:28:17.559Z"
"SnakeRank","snakerank.lol","https://snakerank.lol/","Websites & products","The leaderboard is a snake. The head costs the most.","Verified - unmeasured","","","","$5","","2026-08-27T03:45:15.122Z","","","8","0",""
"Outraid","outraid.lol","https://outraid.lol/","Websites & products","Paste a URL, claim your plot, and raid your way up the board.","Measured","$58.17","","","","","2026-08-27T03:45:14.897Z","","","5","0","2026-09-01T21:10:05.942Z"
"GetAlternative","getalternative.lol","https://getalternative.lol/","AI tools & agents","List any tool on GetAlternative from $1. The board ranks by bid — the highest takes #1, with a dofollow backlink and a public click count.","Measured","$8","","","$1","","2026-08-27T03:45:13.779Z","","","7","0","2026-08-27T03:49:51.685Z"
"Apptop","apptop.lol","https://apptop.lol/","X accounts","The paid app leaderboard","Measured","$12","$4","","$2","","2026-08-27T03:45:09.301Z","","","7","0","2026-08-31T01:28:17.763Z"
"bidout.lol","bidout.lol","https://bidout.lol/","X accounts","Pay to rank. Higher bid wins. New spots start at $1.","Measured","$36","","","$1","","2026-08-27T03:45:09.068Z","","","5","0","2026-09-02T08:54:56.000Z"
"DeskThrone","deskthrone.lol","https://deskthrone.lol/","AI tools & agents","A leaderboard of desk setups and what people built from them. Bid to rank higher. Get dethroned by the next bidder.","Measured","$36","$15","","","","2026-08-27T03:45:07.152Z","","","5","0","2026-08-31T01:28:17.966Z"
"10bid.lol","10bid.lol","https://10bid.lol/","Websites & products","Discover ten featured products, compare live placements, or overtake a spot to put your product on the leaderboard.","Measured","$59","$22","","","","2026-08-27T03:15:07.635Z","","","5","0","2026-08-31T01:28:18.127Z"
"Silicon Jungle","siliconjungle.lol","https://siliconjungle.lol/","Ads & billboards","A paid leaderboard where the scene IS the ranking. 100 spots in a pixel kingdom. Outbid to climb.","Explicit $0","$0","","","$5","","2026-08-27T03:15:07.163Z","","","5","0","2026-08-27T03:19:21.232Z"
"BID2WIN.LOL","bid2win.lol","https://bid2win.lol/","Websites & products","Claim the #1 spot on the bid2win.lol pay-to-rank leaderboard. Permanent placements from $1 — outbid rivals any time.","Verified - unmeasured","","","","$1","","2026-08-26T19:01:04.907Z","","","6","0",""
"PAY2BID.LOL","pay2bid.lol","https://pay2bid.lol/","Websites & products","Claim the #1 spot on the pay2bid.lol pay-to-rank leaderboard. Permanent placements from $1 — outbid rivals any time.","Verified - unmeasured","","","","$1","","2026-08-26T19:01:03.834Z","","","6","0",""
"OUTBID.NAME","outbid.name","https://outbid.name/","Websites & products","Claim the #1 spot on the outbid.name pay-to-rank leaderboard. Permanent placements from $1 — outbid rivals any time.","Verified - unmeasured","","","","$1","","2026-08-26T19:01:02.437Z","","","6","0",""
"PAYTOBID.LOL","paytobid.lol","https://paytobid.lol/","Websites & products","Claim the #1 spot on the paytobid.lol pay-to-rank leaderboard. Permanent placements from $1 — outbid rivals any time.","Verified - unmeasured","","","","$1","","2026-08-26T19:01:01.367Z","","","5","0",""
"BID2TOP.LOL","bid2top.lol","https://bid2top.lol/","Websites & products","Claim the #1 spot on the bid2top.lol pay-to-rank leaderboard. Permanent placements from $1 — outbid rivals any time.","Verified - unmeasured","","","","$1","","2026-08-26T19:01:00.234Z","","","5","0",""
"PAY2TOP.LOL","pay2top.lol","https://pay2top.lol/","Websites & products","Claim the #1 spot on the pay2top.lol pay-to-rank leaderboard. Permanent placements from $1 — outbid rivals any time.","Verified - unmeasured","","","","$1","","2026-08-26T19:00:59.166Z","","","5","0",""
"BIDTOTOP.LOL","bidtotop.lol","https://bidtotop.lol/","Websites & products","Claim the #1 spot on the bidtotop.lol pay-to-rank leaderboard. Permanent placements from $1 — outbid rivals any time.","Verified - unmeasured","","","","$1","","2026-08-26T19:00:58.052Z","","","5","0",""
"PAYTOTOP.LOL","paytotop.lol","https://paytotop.lol/","Websites & products","Claim the #1 spot on the paytotop.lol pay-to-rank leaderboard. Permanent placements from $1 — outbid rivals any time.","Verified - unmeasured","","","","$1","","2026-08-26T19:00:56.632Z","","","6","0",""
"PAY2RANK.LOL","pay2rank.lol","https://pay2rank.lol/","Websites & products","Claim the #1 spot on the pay2rank.lol pay-to-rank leaderboard. Permanent placements from $1 — outbid rivals any time.","Verified - unmeasured","","","","$1","","2026-08-26T19:00:55.496Z","","","5","0",""
"BIDTOWIN.LOL","bidtowin.lol","https://bidtowin.lol/","Websites & products","Claim the #1 spot on the bidtowin.lol pay-to-rank leaderboard. Permanent placements from $1 — outbid rivals any time.","Verified - unmeasured","","","","$1","","2026-08-26T18:45:55.857Z","","","3","0",""
"OUTBID.SALE","outbid.sale","https://outbid.sale/","Websites & products","Claim the #1 spot on the outbid.sale pay-to-rank leaderboard. Permanent placements from $1 — outbid rivals any time.","Verified - unmeasured","","","","$1","","2026-08-26T18:45:54.632Z","","","3","0",""
"flexwall.lol","flexwall.lol","https://flexwall.lol/","X accounts","A public wall that ranks money. Post an amount, take your rank, defend it. Every entry is public, permanent and paid.","Measured","$1,302","$101","","$100","","2026-08-26T13:15:54.786Z","","","3","0","2026-08-31T10:04:27.853Z"
"Outbid Lol","outbid-lol.lol","https://outbid-lol.lol/","Websites & products","Outbid Lol is a public pay-to-rank leaderboard for startups and products. Bid from $5, claim higher ranks, and get discovered when payments clear. Rank is the bid — nothing else.","Explicit $0","$0","","","$5","","2026-08-26T06:15:58.676Z","","","3","0","2026-08-26T06:19:02.095Z"
"SongBid","theoutbid.space","https://theoutbid.space/","AI tools & agents","A pay-to-rank leaderboard for AI-generated songs. Submit your song, pay your bid, claim your rank.","Measured","$28","$10","","","","2026-08-25T18:45:19.830Z","","","3","0","2026-08-31T01:28:18.483Z"
"outfake.lol","outfake.lol","https://outfake.lol/","AI tools & agents","Create a ready-to-share Outbid-style leaderboard image from any public product URL.","Checked - unreadable","","","","$5","","2026-08-25T16:15:16.366Z","","","3","0","2026-08-27T15:59:42.945Z"
"Rank21","outbidlol.ai","https://outbidlol.ai/","AI tools & agents","An independent Outbid LOL alternative for AI products and X profiles. Sponsor a placement and rank with fixed-supply Rank Power.","Verified - unmeasured","","","","$5","","2026-08-25T15:15:16.164Z","","","4","0",""
"Gavel","gavel.lol","https://gavel.lol/","Games & clips","A live leaderboard of indie products, ranked by what their makers pay. Outbid the one above you and take the spot.","Explicit $0","$0","$11","","$1","","2026-08-25T14:15:16.152Z","","","7","0","2026-09-01T00:01:23.486Z"
"clipwar.lol","clipwar.lol","https://clipwar.lol/","Games & clips","Clips compete for the top of the board. Bid to push one up.","Verified - unmeasured","","","","","","2026-08-25T12:15:16.166Z","","","4","0",""
"TopBill","topbill.lol","https://topbill.lol/","Websites & products","A public leaderboard. No ads, no algorithm. Whoever pays more stands above.","Measured","$125","","","$1","","2026-08-25T05:15:16.165Z","","","4","0","2026-08-28T15:49:50.819Z"
"Product Leaderboard","worldorder.lol","https://worldorder.lol/","AI tools & agents","A live product leaderboard where rank is bought, not voted. Paid listings start at $1: one Stripe charge, no account. Votes and shares are the only free lift.","Verified - unmeasured","","","","$1","","2026-08-25T03:15:17.568Z","","","2","0",""
"bidfun.lol","bidfun.lol","https://bidfun.lol/","Crypto & tokens","No ads, no API keys, no revenue sharing. Votes are free, the top is paid. Outbid your competition to rank your coin, your launchpad and your network.","Measured","$10","","","$5","","2026-08-25T01:15:16.169Z","","","7","0","2026-08-25T20:44:24.599Z"
"destaque.lol","destaque.lol","https://destaque.lol/","Regional & other currencies","Brazilian ad board in BRL — every row shows total paid, clicks, and cost per click.","Measured","$3.78","$1.80","","R$5","Pix, card","2026-08-24T23:30:16.161Z","","","4","0","2026-08-31T01:28:18.839Z"
"Longbid","longbid.lol","https://longbid.lol/","Crypto & tokens","Public pay-to-rank leaderboard for crypto products. Higher USDC bid. Higher rank. Nothing else.","Measured","$6","$5","","","","2026-08-24T21:45:16.165Z","","","4","0","2026-08-31T01:28:19.006Z"
"BidOnChain","bidonchain.lol","https://bidonchain.lol/","Crypto & tokens","Buy your rank on the on-chain discovery board. Pay more than the project above you and take its spot. No accounts, no algorithm — settle in crypto and you are ranked instantly.","Verified - unmeasured","","","","$5","","2026-08-24T20:15:16.158Z","","","6","0",""
"bidoor.lol","bidoor.lol","https://bidoor.lol/","Ads & billboards","One board, every chain. The token that has paid the most sits at #1. Rank is the bid, nothing else.","Measured","$89","$21","","$1","","2026-08-24T19:15:16.157Z","","","3","0","2026-08-31T01:28:19.197Z"
"BuyRank","buyrank.lol","https://buyrank.lol/","Websites & products","A public leaderboard where rank is decided by money. Bid $1 to get on. Pay more than the row above you to climb.","Measured","$45","$25","","$1","","2026-08-24T17:15:16.159Z","","","2","0","2026-08-31T01:28:19.373Z"
"bidnoww","bidnoww.lol","https://bidnoww.lol/","AI tools & agents","bidnoww is a pay-to-rank product leaderboard. List your startup or tool for just $1. Higher bids sit higher — pay only the difference to raise.","Measured","$274","","","$1","","2026-08-24T16:45:19.693Z","","","3","0","2026-09-03T23:31:48.986Z"
"MoneyWins.lol","moneywins.lol","https://moneywins.lol/","Ads & billboards","Anything with a URL can win. The highest confirmed bid gets the most attention until Monday.","Verified - unmeasured","","","","","","2026-08-24T16:45:17.867Z","","","3","0",""
"ViralSites.fyi","viralsites.fyi","https://viralsites.fyi/","Directories of bid sites","Tracking every viral one-page money site. Revenue, model type, launch date — all in one place.","Checked - unreadable","","","","","","2026-08-24T16:45:16.175Z","","","10","0","2026-08-27T15:59:43.169Z"
"hill.bid","hill.bid","https://hill.bid/","Ads & billboards","Paid to be king of the hill","Measured","$1","$1","","1","","2026-08-24T16:44:05.020Z","","","3","0","2026-08-31T01:28:19.736Z"
"BidWeb3","bidweb3.lol","https://bidweb3.lol/","Crypto & tokens","Web3 Projects ranked by what they paid","Measured","$30.09","$13","","5","ETH","2026-08-24T16:32:13.110Z","","","3","0","2026-09-04T07:40:02.914Z"
"fundit.lol","fundit.lol","https://fundit.lol/","X accounts","We want namedrop.lol at #1 on Outbid.lol. So we built another leaderboard to pay for it. Bid for attention and help fund the $15,000 mission.","Verified - unmeasured","","","","$1","","2026-08-24T09:15:17.461Z","","","5","0",""
"RankDuel","rankduel.lol","https://rankduel.lol/","AI tools & agents","A public leaderboard where products bid real money to hold a position. The highest total holds #1, and anyone can take it by paying more. No algorithm, no gatekeeper.","Measured","$5","","","$5","","2026-08-24T09:15:16.239Z","","","3","0","2026-08-24T09:19:05.622Z"
"getoutbid.lol","getoutbid.lol","https://getoutbid.lol/","Websites & products","Missed out on outbid.lol? Get listed on getoutbid.lol — the pay-to-rank leaderboard where getting outbid from #1 or the Top 10 pays you 50% back as credit. New spots from $2.","Explicit $0","$0","","","$2","","2026-08-24T05:45:16.150Z","","","5","0","2026-08-29T18:49:49.276Z"
"rankcoin","rankcoin.lol","https://rankcoin.lol/","Crypto & tokens","outbid anyone for #1 in crypto","Verified - unmeasured","","","","","","2026-08-24T03:45:17.840Z","","","7","0",""
"outbuilt.lol","outbuilt.lol","https://outbuilt.lol/","Websites & products","A public leaderboard rendered as a skyline. Every bid is a building, your money is the height, and the tallest tower owns the view. No ads, no API keys, no refunds.","Measured","$241","","","$2","","2026-08-24T03:45:17.054Z","","","5","0","2026-08-31T02:15:11.824Z"
"getbumped.lol","getbumped.lol","https://getbumped.lol/","Websites & products","A public leaderboard you buy your way onto. Every bid costs a dollar more than the last. Nobody gets a refund. That's the game.","Measured","$7","$4","","","","2026-08-24T03:45:16.179Z","","","4","0","2026-08-31T01:28:20.076Z"
"Appgratis","appgratis.net","https://appgratis.net/","Websites & products","A public leaderboard for iOS apps with one ranking signal: what you paid for the spot. Listings start at $1, and the highest bid holds #1.","Explicit $0","$0","","","$1","","2026-08-24T03:15:16.168Z","","","6","0","2026-08-24T03:19:32.858Z"
"bidspot.lol","bidspot.lol","https://bidspot.lol/","Websites & products","Enter your website URL and pay to be listed, highest bid ranks first.","Measured","$120","$12","","$1","Stripe","2026-08-24T03:11:11.141Z","","","4","0","2026-09-04T06:44:21.723Z"
"sitebid.lol","sitebid.lol","https://sitebid.lol/","Websites & products","The modern pay-to-rank leaderboard. Bid your way to #1 on sitebid.lol.","Measured","$26.13","$11","","$1","","2026-08-24T02:15:16.162Z","","","5","0","2026-08-31T01:28:20.434Z"
"OutofOptions","outofoptions.lol","https://outofoptions.lol/","X accounts","paid social discovery","Verified - unmeasured","","","","$5","","2026-08-24T01:30:16.437Z","","","2","0",""
"madbid.lol","madbid.lol","https://madbid.lol/","AI tools & agents","A public leaderboard where AI products, agents and agencies buy their rank. Highest bid sits at #1. New spots start at $5.","Measured","$620","$150","","$2","","2026-08-24T01:15:18.454Z","","","4","0","2026-08-31T01:28:20.611Z"
"WKLY","wkly.bid","https://wkly.bid/","Websites & products","Discover products ranked by confirmed weekly bids. Every paid placement is disclosed, and the leaderboard resets every Monday.","Measured","$1","","","","","2026-08-24T01:15:17.320Z","","","3","0","2026-08-24T13:19:01.788Z"
"TopWeek","topweek.jp","https://topweek.jp/","Websites & products","A weekly paid leaderboard. Spots are ordered by the amount paid, and reset every Monday.","Measured","$15","","","","","2026-08-24T01:15:16.143Z","","","3","0","2026-08-24T01:19:06.897Z"
"BidDir","biddir.lol","https://biddir.lol/","Directories of bid sites","BidDir is a public bid-ranked directory: pay more and your site ranks first, until someone outbids you.","Checked - unreadable","","","","$1","","2026-08-24T00:15:17.193Z","","","4","0","2026-08-24T09:49:28.816Z"
"stealrank.lol","stealrank.lol","https://stealrank.lol/","Websites & products","Competitive live leaderboard for iOS & Android apps, AI tools, and SaaS startups. Claim #1 for your app, get permanent backlinks, and drive real downloads.","Measured","$3","","","$3","","2026-08-24T00:15:16.158Z","","","3","0","2026-08-25T07:20:46.259Z"
"Outcharity","outcharity.com","https://outcharity.com/","Ads & billboards","Businesses compete for the top spot by giving to charity. Rank is determined by confirmed lifetime contributions.","Measured","$26","$7","","","","2026-08-23T23:45:16.154Z","","","3","0","2026-08-31T01:28:20.798Z"
"Top AI App","topaiapp.lol","https://topaiapp.lol/","AI tools & agents","A public, pay-to-rank leaderboard for AI products. The higher the bid, the higher the spot.","Explicit $0","$0","","","$2","","2026-08-23T23:15:16.157Z","","","2","0","2026-08-23T23:20:17.135Z"
"GambleBid","gamblebids.lol","https://gamblebids.lol/","X accounts","A public pay-to-rank leaderboard for gambling sites, sportsbooks, creators and slot providers. No algorithm, no votes. Your rank is what you paid.","Measured","$3","$2","","","","2026-08-23T22:45:16.818Z","","","3","0","2026-08-31T01:28:21.008Z"
"BidInsta","bidinsta.lol","https://bidinsta.lol/","X accounts","Bid your Instagram handle to the top. Rank is the bid — nothing else.","Measured","$14","$5","","$1","","2026-08-23T22:45:16.157Z","","","2","0","2026-09-02T20:24:56.266Z"
"ProductOutbid.lol","productoutbid.lol","https://productoutbid.lol/","Websites & products","One leaderboard for top products. Your bid is your rank. Pay more than the product above you and claim the top spot.","Checked - unreadable","","","","$1.00","","2026-08-23T19:15:21.551Z","","","5","0","2026-08-29T10:04:19.408Z"
"UpNext","upnext.lol","https://upnext.lol/","Games & clips","A YouTube leaderboard where channels bid for the top slot, and the highest bid plays first.","Checked - unreadable","","","","$1","","2026-08-23T19:01:53.173Z","","","6","0","2026-08-27T05:04:38.401Z"
"Skool Race","skoolrace.top","https://skoolrace.top/","Websites & products","Race your Skool community to the top. Bid a dollar more than the leader and take the lead.","Measured","$3","","","","","2026-08-23T19:01:52.298Z","","","2","0","2026-08-31T01:19:01.779Z"
"maiorlance.com","maiorlance.com","https://maiorlance.com/","Regional & other currencies","O ranking dos perfis do Instagram em que a posição é decidida por quanto cada um pagou via Pix.","Measured","$735.28","","","","","2026-08-23T19:01:50.852Z","","","4","0","2026-08-23T19:05:40.462Z"
"OUTSPENT","outspent.lol","https://outspent.lol/","Websites & products","Websites compete for attention by putting their money where their mouth is. Spend more, rank higher, get seen—or get outspent.","Measured","$55.20","$24.20","","","","2026-08-23T19:01:28.781Z","","","4","0","2026-08-31T01:29:47.577Z"
"tweetrank.lol","tweetrank.lol","https://tweetrank.lol/","X accounts","A live leaderboard of tweets, ranked by what people pay. Highest bid takes #1. Every dollar under it takes the next best spot.","Verified - unmeasured","","","","$1","","2026-08-23T19:00:58.964Z","","","6","0",""
"outlead","outlead.lol","https://outlead.lol/","Websites & products","No ads, no API keys, no revenue sharing. Just outlead your competition to get to the top. Will you take #1 on the leaderboard?.","Measured","$1","$1","","$1","","2026-08-23T19:00:24.324Z","","","4","0","2026-09-03T08:17:45.834Z"
"bidmax.lol","bidmax.lol","https://bidmax.lol/","Websites & products","A live leaderboard of product launches, ranked by what founders pay. Highest bid takes rank #1. Real builders, ranked by who wants the spotlight the most.","Verified - unmeasured","","","","$1","","2026-08-23T19:00:16.461Z","","","5","0",""
"whiteboard.lol","whiteboard.lol","https://whiteboard.lol/","Websites & products","A 100-slot product leaderboard where payments set the live value of every slot.","Measured","$65.47","$6.41","","","","2026-08-23T18:45:55.930Z","","","3","0","2026-09-04T07:55:02.759Z"
"TopCast.lol","topcast.lol","https://topcast.lol/","Games & clips","Podcasts bid cash for the top spot in their genre. Outbid the leader, take the mic.","Measured","$5","","","$5","","2026-08-23T18:45:52.902Z","","","4","0","2026-08-23T18:49:27.102Z"
"shill.bid","shill.bid","https://shill.bid/","Crypto & tokens","Paste a pump.fun or bags.fm coin, pay in USDC, and take #1 on the shitcoin leaderboard.","Measured","$21","$6","","","","2026-08-23T18:45:51.660Z","","","3","0","2026-08-31T01:28:21.829Z"
"rankbid.app","rankbid.app","https://rankbid.app/","Websites & products","A paid leaderboard where rank is your bid. Pay whole dollars to stand above everyone else on the board.","Verified - unmeasured","","","","$1","","2026-08-23T18:45:47.244Z","","","3","0",""
"outprofiled.lol","outprofiled.lol","https://outprofiled.lol/","X accounts","A leaderboard of LinkedIn profiles, ranked by what each one paid for its place.","Measured","$11","$5","","$1","","2026-08-23T18:45:43.161Z","","","3","0","2026-08-31T01:28:22.050Z"
"outhustle","outhustle.lol","https://outhustle.lol/","Websites & products","A public leaderboard where rank is dollars. Outbid everyone for #1, or earn your way up by sending visitors. New spots from $5, or list free.","Measured","$11","$6","","$5","","2026-08-23T18:45:42.124Z","","","4","0","2026-08-31T01:28:22.225Z"
"outdog.lol","outdog.lol","https://outdog.lol/","Games & clips","one leaderboard for every pet on earth, ranked purely by how much has been paid to boost them. new pets start at $1. you can always beat #1 by one dollar.","Measured","$1","","","$1","","2026-08-23T18:45:36.720Z","","","4","0","2026-08-29T01:24:42.633Z"
"OutbidMacApp","outbidmacapp.lol","https://outbidmacapp.lol/","Websites & products","a $1 ladder for Mac and iOS apps","Verified - unmeasured","","","","","","2026-08-23T18:45:35.845Z","","","2","0",""
"Lowbid.lol","lowbid.lol","https://lowbid.lol/","Websites & products","Too broke for lols? Get your spot for as little as $1! No ads, no API keys, no revenue sharing. Just (not out) lowbid your competition to get to the top.","Measured","$45","$2","","","","2026-08-23T18:45:30.814Z","","","2","0","2026-08-31T01:28:22.421Z"
"indieapp.lol","indieapp.lol","https://indieapp.lol/","Websites & products","A leaderboard for indie apps where rank is simply what you paid.","Verified - unmeasured","","","","$5","","2026-08-23T18:45:29.589Z","","","3","0",""
"hire-me.lol","hire-me.lol","https://hire-me.lol/","Websites & products","Showcase your craft. Project yourself to the top. Get an unfiltered AI verdict on your proof, then claim your spot on the live talent leaderboard.","Verified - unmeasured","","","","","","2026-08-23T18:45:26.367Z","","","2","0",""
"highstakes.lol","highstakes.lol","https://highstakes.lol/","Websites & products","A poker table for the #1 spot. The price is public, the clicks are counted, and a dollar more takes the seat.","Verified - unmeasured","","","","$5","","2026-08-23T18:45:25.654Z","","","2","0",""
"Goodbid","goodbid.lol","https://goodbid.lol/","Websites & products","Brands compete for the top. Goodbid commits 50% of every leaderboard purchase subtotal, excluding taxes, to nonprofit donations.","Verified - unmeasured","","","","€10","","2026-08-23T18:45:24.699Z","","","2","0",""
"FYPbid","fypbid.com","https://fypbid.com/","X accounts","Live creator leaderboard — TikTok, YouTube & Instagram, ranked by what they paid","Explicit $0","$0","","","","","2026-08-23T18:45:24.064Z","","","2","0","2026-08-23T18:49:28.018Z"
"fitbid.club","fitbid.club","https://fitbid.club/","Ads & billboards","A 100-slot public ad board. $2 buys a tile. One dollar more than #1 takes the top row.","Verified - unmeasured","","","","$2","","2026-08-23T18:45:23.533Z","","","3","0",""
"exed","exed.lol","https://exed.lol/","X accounts","Pay to pin an X tweet. Rank is the bid. A pin stays until someone pays more. Handle rank is the sum of live tweet bids, not a separate checkout.","Verified - unmeasured","","","","$1","","2026-08-23T18:45:22.075Z","","","3","0",""
"creatorbid","creatorbid.lol","https://creatorbid.lol/","X accounts","Creators rank themselves by how much they're willing to bet on their own attention. Highest bid holds #1, every click goes to your content. No judges. No algorithm. Just ego.","Measured","$249","$67","","","","2026-08-23T18:45:19.824Z","","","3","0","2026-09-02T18:55:24.186Z"
"biggerfish.lol","biggerfish.lol","https://biggerfish.lol/","Websites & products","Pay to rank. Your place is what you have paid, highest first. Outspend the fish above you and take its place.","Measured","$22.27","$5","","","","2026-08-23T18:45:18.336Z","","","2","0","2026-09-01T12:14:55.521Z"
"auraflex.lol","auraflex.lol","https://auraflex.lol/","Websites & products","No expiring ads. No subscriptions. Permanent Leaderboard. 100% Do-Follow DR backlink. Flex Status and Max your Project Aura.","Measured","$400","$100","","","","2026-08-23T18:45:16.226Z","","","3","0","2026-08-31T01:28:22.971Z"
"Weekly Product Leaderboard","wintop.lol","https://wintop.lol/","Websites & products","A public leaderboard where every bid earns a full week of attention. Add one product link and lead next Wednesday.","Checked - unreadable","","","","","","2026-08-23T18:31:57.778Z","","","11","0","2026-09-02T00:05:38.788Z"
"TopCard.lol","topcard.lol","https://topcard.lol/","AI tools & agents","A 54-card arena where AI startups compete for the spotlight, and the backing decides the royal table.","Measured","$25","$15","","$5","","2026-08-23T18:31:56.614Z","","","4","0","2026-08-31T01:28:23.363Z"
"mobpush.lol","mobpush.lol","https://mobpush.lol/","Websites & products","Together, you can push everything. Add an app, a community, a project or a meme, and every dollar anyone adds stacks on it.","Measured","$6","$1","","$1","","2026-08-23T18:31:55.361Z","","","2","0","2026-08-31T01:28:23.542Z"
"topandroidapp.lol","topandroidapp.lol","https://topandroidapp.lol/","Websites & products","Pay to rank #1 on the Android leaderboard. Your bid decides your rank.","Measured","$7","","","","","2026-08-23T18:31:38.044Z","","","2","0","2026-08-29T11:54:50.789Z"
"rankgood.lol","rankgood.lol","https://rankgood.lol/","Websites & products","Outbid your way to the top of the leaderboard. Rank is the bid — nothing else.","Checked - unreadable","","","","","","2026-08-23T18:31:07.647Z","","","2","0","2026-08-23T21:45:28.861Z"
"overbidme.lol","overbidme.lol","https://overbidme.lol/","Websites & products","A public leaderboard. You pay to stand above everyone else. Rank is the bid — nothing else.","Measured","$117","","","$19","","2026-08-23T18:30:47.162Z","","","2","0","2026-08-30T18:56:42.381Z"
"LOT №1","lot1.lol","https://lot1.lol/","Websites & products","No ads. No algorithm. Just bid higher than whoever.","Measured","$44.97","$14.99","","$1","","2026-08-23T18:30:37.797Z","","","2","0","2026-08-31T01:28:23.737Z"
"cbid.lol","cbid.lol","https://cbid.lol/","Crypto & tokens","The open leaderboard where a crypto bid buys the rank. Prices are set in USD and paid securely with crypto.","Measured","$4","","","$1","","2026-08-23T18:30:36.809Z","","","2","0","2026-08-28T04:29:40.509Z"
"TryOut.Bid","tryout.bid","https://tryout.bid/","Websites & products","Your bid is your rank. Claim #1 on TryOut.Bid, hold your spot, or get outbid. New listings start at $3.","Measured","$345","$60","","$3","","2026-08-23T18:30:34.624Z","","","2","0","2026-09-02T13:50:04.828Z"
"TopBidr","topbidr.com","https://topbidr.com/","Websites & products","The top spot is bought, not earned. Outbid the leader and your brand ranks #1 worldwide, and #1 in your country and category.","Measured","$0.09","$0.01","","$1","","2026-08-23T18:30:34.374Z","","","2","0","2026-09-04T01:55:20.392Z"
"toolcup.lol","toolcup.lol","https://toolcup.lol/","Websites & products","Paid leaderboard for websites, AI tools and software. $1 to list. Pay more to take #1. Every bid is public.","Measured","$54","$19","","$4","","2026-08-23T18:30:33.118Z","","","3","0","2026-08-31T01:28:24.288Z"
"throne.clicks.is","throne.clicks.is","https://throne.clicks.is/","Ads & billboards","Own the ad on every page of a network doing a million pageviews a month, until someone outbids you.","Measured","$5","$3","","$1","","2026-08-23T18:30:32.399Z","","","3","0","2026-09-03T05:54:48.770Z"
"takemyspot.lol","takemyspot.lol","https://takemyspot.lol/","Websites & products","Claim #1 on the premier competitive showcase leaderboard. Featured placement starting at $1.","Measured","$6","$2","","$1","","2026-08-23T18:30:32.107Z","","","2","0","2026-09-03T08:11:26.945Z"
"rankdomains.net","rankdomains.net","https://rankdomains.net/","Websites & products","A leaderboard of domains for sale, ranked purely by what their owners paid to sit at the top. No algorithm, no votes.","Verified - unmeasured","","","","$2","","2026-08-23T18:30:29.160Z","","","0","0",""
"mapbid.lol","mapbid.lol","https://mapbid.lol/","Ads & billboards","Boost your product's visibility on the interactive world map. Showcase your SaaS, app, or startup to a global tech audience for just $1. No algorithms, no ad bloat, 100% transparent traffic.","Measured","$26","$7","","","","2026-08-23T18:30:27.803Z","","","3","0","2026-09-04T06:54:34.697Z"
"BidSurvivor","bidsurvivor.space","https://bidsurvivor.space/","Ads & billboards","hourly ad slots, sold by live auction","Measured","$3","$1","","","","2026-08-23T18:30:20.457Z","","","3","0","2026-08-31T01:28:25.051Z"
"beTop.lol","betop.lol","https://betop.lol/","Websites & products","A public leaderboard ranked by one thing: how much you bid. List your website, outbid the board, and take the top spot.","Measured","$6","","","$5","","2026-08-23T18:30:18.979Z","","","0","0","2026-08-23T18:35:16.846Z"
"adscreen.lol","adscreen.lol","https://adscreen.lol/","Ads & billboards","One screen. The highest bidder's video plays to everyone who lands here. Rank is the bid — nothing else.","Measured","$8","$5","","","","2026-08-23T18:30:16.780Z","","","3","0","2026-08-31T01:28:25.256Z"
"SuperTopic","supertopic.app","https://supertopic.app/","Websites & products","Rank items and raise topics. Every item has a topic rank and a global rank, and every backing adds to its total.","Measured","$674","$102","","$3","","2026-08-23T18:15:50.334Z","","","0","0","2026-09-03T22:05:39.434Z"
"StartupBase","startupbase.io","https://startupbase.io/","Directories of bid sites","Launch and discover new products every day. Pay what you want, and outrank the listing above you.","Checked - unreadable","","","","","","2026-08-23T18:15:49.247Z","","","4","0","2026-08-24T10:59:17.241Z"
"bidtree","bidtree.lol","https://bidtree.lol/","Websites & products","The internet, sized by what people paid to be seen. No ads, no signup, no subscriptions - just outbid others and get to the top.","Measured","$691.35","","","$15","","2026-08-23T18:15:46.829Z","","","0","0","2026-09-03T13:24:31.919Z"
"BidMacApps","bidmacapps.com","https://bidmacapps.com/","Websites & products","One leaderboard for Mac apps. Your bid is your rank. Bids start at $5 — pay more than the app above you and take its spot.","Measured","$445","$70","","","","2026-08-23T18:15:45.354Z","","","0","0","2026-08-31T01:28:25.644Z"
"Big Bidder","bigbidder.lol","https://bigbidder.lol/","Websites & products","A public auction board for products. Bid in dollars for your lot; the ranks wipe every 30 days.","Measured","$7","","","$1","","2026-08-23T18:15:43.591Z","","","0","0","2026-08-23T18:21:12.433Z"
"WhoDeyTop","whodeytop.lol","https://whodeytop.lol/","Regional & other currencies","A live leaderboard where Ghanaian businesses, events and creators bid in cedis for visibility. Rank is bought, not earned.","Measured","$39.09","$10","","$5","","2026-08-23T18:15:23.633Z","","","4","0","2026-09-04T04:14:54.862Z"
"BidFootball","bidfootball.lol","https://bidfootball.lol/","Websites & products","One crown. 189 clubs. The biggest pot in the world holds it. Pool with fellow fans from $5 and take the throne.","Verified - unmeasured","","","","$5","","2026-08-23T18:15:16.225Z","","","0","0",""
"universebid","universebid.com","https://universebid.com/","Websites & products","No ads. No API keys. No revenue share. A pay-to-rank leaderboard drawn as a solar system — bid your product onto the Sun, eight planets, or the Moon.","Measured","$11","$5","","$1","","2026-08-23T18:02:07.241Z","","","0","0","2026-09-02T14:10:08.123Z"
"outbid","outbid.sh","https://outbid.sh/","Crypto & tokens","A pay-to-rank seat for API endpoints, claimed over x402. The highest settled bid holds #1.","Measured","$0.22","$0.09","","","","2026-08-23T18:01:50.503Z","","","4","0","2026-08-31T01:28:26.020Z"
"Outbid Host","outbid.host","https://outbid.host/","Websites & products","Pay-to-rank leaderboard for web hosting companies. Bid higher to rank #1 and get more customers. $1 minimum, instant activation.","Measured","$10","","","","","2026-08-23T18:01:27.361Z","","","0","0","2026-09-03T13:14:32.926Z"
"instabid.lol","instabid.lol","https://instabid.lol/","X accounts","The Instagram Leaderboard. Add your username. See where you land. Outbid whoever.","Measured","$52","$30","","","","2026-08-23T18:01:06.966Z","","","3","0","2026-08-31T01:28:26.442Z"
"hilyt","hilyt.it","https://hilyt.it/","AI tools & agents","Rank is the bid, nothing else. Every listing gets an AI-readable profile that shows how many times AI systems have actually read it.","Checked - unreadable","","","","","","2026-08-23T18:00:47.138Z","","","3","0","2026-09-01T07:10:32.207Z"
"GitFlex","gitflex.lol","https://gitflex.lol/","X accounts","The live leaderboard where developers flex their GitHub stats. Boost your rank. Get clicks. Show off your stars.","Verified - unmeasured","","","","$2","","2026-08-23T18:00:24.734Z","","","2","0",""
"buildbid.lol","buildbid.lol","https://buildbid.lol/","Websites & products","Submit your agency or startup product, place a bid, and climb the leaderboard.","Measured","$55","$12","","$6","","2026-08-23T18:00:17.214Z","","","0","0","2026-08-31T01:28:26.844Z"
"OUTBID EARTH","outbid.earth","https://outbid.earth/","Regional & other currencies","Claim a country for your website, take #1, and dare someone to outbid you.","Measured","$5","","","","","2026-08-23T17:45:16.167Z","","","3","0","2026-08-26T06:34:25.618Z"
"bid.aibucket.org","bid.aibucket.org","https://bid.aibucket.org/","AI tools & agents","Outbid your way to the top of a continent. Pick a continent, choose the rank you want, and claim it with a higher bid.","Measured","$13","","","","","2026-08-23T17:30:16.545Z","","","2","0","2026-08-29T15:49:47.941Z"
"Dollar Bid","dollarbid.app","https://dollarbid.app/","X accounts","dollarbid.app is the $1 leaderboard where anyone can pay a dollar to jump to the top.","Verified - unmeasured","","","","","","2026-08-23T17:15:49.812Z","","","3","0",""
"TopArticles.lol","toparticles.lol","https://toparticles.lol/","Websites & products","Discover great writing, submit yours, and fight for the top spot on a public leaderboard.","Verified - unmeasured","","","","","","2026-08-23T17:15:49.197Z","","","0","0",""
"thisday.lol","thisday.lol","https://thisday.lol/","Websites & products","Own a day on the internet. Pay what you want - highest bid sits on top. Any amount from $1 gets you on the board.","Measured","$10","","","","","2026-08-23T17:15:48.284Z","","","0","0","2026-08-26T00:05:04.010Z"
"payordie.lol","payordie.lol","https://payordie.lol/","Websites & products","Pay to rank #1 and add seconds to a countdown clock. If the clock reaches zero the board dies for good, and whoever holds #1 keeps it.","Checked - unreadable","","","","$5","","2026-08-23T17:15:47.708Z","","","0","0","2026-08-25T18:54:40.883Z"
"bidtoup.lol","bidtoup.lol","https://bidtoup.lol/","Websites & products","Bid to rank #1 and get a FREE DA 40+ Guest Post with every bid. Outbid your competition to climb the leaderboard.","Measured","$1","","","$1","","2026-08-23T17:15:46.606Z","","","0","0","2026-09-03T15:10:12.352Z"
"onedollarbid","onedollarbid.lol","https://onedollarbid.lol/","Websites & products","A flat-price board where the last person to pay a dollar sits on top until the next one does.","Verified - unmeasured","","","","$1","","2026-08-23T17:15:28.325Z","","","0","0",""
"bidbench.lol","bidbench.lol","https://bidbench.lol/","AI tools & agents","A leaderboard of AI models where anyone can chip in on a model and rank is the accumulated bid.","Measured","$1,341","$81","","$1","","2026-08-23T17:15:24.214Z","","","3","0","2026-09-01T18:35:03.385Z"
"undercut.lol","undercut.lol","https://undercut.lol/","Websites & products","Do not outbid the competition, undercut them: hourly auctions where the price falls from a thousand dollars to five, and bids stay hidden until the hour ends.","Measured","$255","","","","","2026-08-23T17:15:23.614Z","","","0","0","2026-09-03T04:49:30.261Z"
"SaaSBid","saasfounder.lol","https://saasfounder.lol/","Websites & products","SaaS founders compete for number one: the highest bidder takes the highest position.","Verified - unmeasured","","","","","","2026-08-23T17:15:20.624Z","","","0","0",""
"HighRank","highrank.lol","https://highrank.lol/","Websites & products","Bid higher, rank higher: a live product board with verified bids.","Measured","$49","$10","","","","2026-08-23T17:15:17.492Z","","","0","0","2026-09-01T06:14:27.750Z"
"ShipDuel","shipduel.com","https://shipduel.com/","Websites & products","A dollar launches your ship; a rival challenges your rank by bidding more, and the defender can raise.","Verified - unmeasured","","","","$1","","2026-08-23T17:15:16.229Z","","","0","0",""
"OutbidSocial","outbidsocial.com","https://outbidsocial.com/","X accounts","OutbidSocial is a paid social profile leaderboard where accounts compete inside automatic groups by verified one-time bids.","Checked - unreadable","","","","$1","","2026-08-23T17:01:36.871Z","","","6","0","2026-08-27T15:59:43.362Z"
"Back Your Country","backyourcountry.com","https://backyourcountry.com/","Regional & other currencies","Countries ranked live by confirmed contributions from the businesses and people who back them. Explore every country's board of backing businesses, sponsored links, and the race for #1.","Measured","$34","$28","","$1","","2026-08-23T17:01:35.579Z","","","2","0","2026-08-31T01:28:27.614Z"
"Tiny Startups","tinystartups.com","https://tinystartups.com/","Directories of bid sites","A pay-what-you-want startup launchpad. No upvotes and no badges — the more you pay, the higher you rank.","Measured","$1,298","$260","","$1","","2026-08-23T17:01:32.261Z","","","15","0","2026-08-31T16:44:33.045Z"
"Aurafry","aurafry.com","https://aurafry.com/","X accounts","Brag harder. Rank higher. The internet's paid aura leaderboard for builders, founders, and creators. Bid once, rank forever.","Measured","$171","$19","","$1","","2026-08-23T17:01:29.402Z","","","2","0","2026-08-31T15:24:47.152Z"
"YouGotOutbid","yougotoutbid.com","https://yougotoutbid.com/","Websites & products","Enter the internet's most competitive leaderboard. Bid for your position, climb the rankings and dethrone whoever stands above you.","Verified - unmeasured","","","","$1","","2026-08-23T17:01:28.080Z","","","0","0",""
"Toppl","toppl.lol","https://toppl.lol/","Websites & products","Browse transparent paid rankings and advertiser-declared discounts.","Verified - unmeasured","","","","$1","","2026-08-23T17:01:27.024Z","","","0","0",""
"thefinalboss.lol","thefinalboss.lol","https://thefinalboss.lol/","Websites & products","The live paid discovery arena for digital businesses.","Measured","$86","$14","","","","2026-08-23T17:01:25.074Z","","","0","0","2026-09-01T14:05:03.787Z"
"Outbid.so","outbid.so","https://outbid.so/","Websites & products","The public leaderboard where the highest bid gets the highest rank. Put your product at the top.","Measured","$117","$11","","$3","","2026-08-23T17:01:23.526Z","","","0","0","2026-08-31T01:28:31.393Z"
"Music Ranking","musicranking.app","https://musicranking.app/","Games & clips","Promote your music and climb the leaderboard. Every pound added to a track moves it up the ranking.","Measured","$47.25","$9.45","","£1","","2026-08-23T17:01:19.702Z","","","2","0","2026-09-02T00:40:11.474Z"
"King of the Web","kingoftheweb.lol","https://kingoftheweb.lol/","Websites & products","One link on top at a time. Every bid is a dollar more than the leader — pay it and your name, motto and link sit on top until someone outbids you.","Measured","$6","","","","","2026-08-23T17:01:16.795Z","","","0","0","2026-08-23T17:05:11.880Z"
"bidbod","bidbod.lol","https://bidbod.lol/","Ads & billboards","Claim your space on the skyline. Pay to rank on live 3D billboards — #1 gets the roadside hoarding, lower ranks light up distant building signs.","Checked - unreadable","","","","","","2026-08-23T17:00:46.006Z","","","2","0","2026-08-24T13:59:16.992Z"
"outbid.online","outbid.online","https://outbid.online/","Websites & products","The open attention auction. No algorithms, no ad networks, no complex campaign managers. The highest bid claims #1 on the live leaderboard with real-time outbound click tracking.","Checked - unreadable","","","","","","2026-08-23T17:00:17.741Z","","","0","0","2026-09-02T08:59:57.403Z"
"goodestboy.lol","goodestboy.lol","https://goodestboy.lol/","Games & clips","The leaderboard for the goodest boys and girls. Put your dog on top of the board; half of every dollar goes to a rescue partner.","Verified - unmeasured","","","","","","2026-08-23T16:46:47.978Z","","","2","0",""
"VibeKing","vibeking.fun","https://vibeking.fun/","Websites & products","Bid for the #1 spot on VibeKing. The highest paid bid holds rank #1. One-time payment, live leaderboard.","Measured","$25","","","$1","","2026-08-23T16:46:47.262Z","","","0","0","2026-09-04T02:34:47.371Z"
"upbid.lol","upbid.lol","https://upbid.lol/","Websites & products","No ads, no API keys, no revenue sharing. Just outbid your competition to get to the top of the board.","Measured","$4","","","","","2026-08-23T16:46:46.360Z","","","0","0","2026-08-26T20:04:27.127Z"
"Two Girls One Billboard","twogirlsonebillboard.com","https://twogirlsonebillboard.com/","Ads & billboards","Two girls. One billboard. Highest bidder gets it. Take the board for a penny more than the last advertiser and it is yours — and you are on the leaderboard forever.","Measured","~$3.17","$0.57","","$1.04","","2026-08-23T16:46:45.226Z","","","2","0","2026-09-01T21:34:56.013Z"
"Top of Today","topoftoday.com","https://topoftoday.com/","Websites & products","Top of Today is a live paid website leaderboard. Bid on a product, website, or X profile; the highest confirmed bid ranks first.","Measured","$40","$10","","","","2026-08-23T16:46:43.690Z","","","0","0","2026-08-31T01:28:32.102Z"
"TopBid Rankings","topapps.lol","https://topapps.lol/","Websites & products","Discover the apps, websites and products everyone's talking about, ranked live by who has paid the most to climb the leaderboard.","Measured","$25","$7","","$1","","2026-08-23T16:46:43.469Z","","","0","0","2026-09-01T00:05:24.781Z"
"spotlit.lol","spotlit.lol","https://spotlit.lol/","Websites & products","Discover and rank startups, agencies, SaaS products, AI tools and social profiles on a transparent paid leaderboard.","Measured","$2","$1","","$1","","2026-08-23T16:46:40.358Z","","","0","0","2026-08-31T01:28:32.475Z"
"socialmediabid.lol","socialmediabid.lol","https://socialmediabid.lol/","X accounts","The leaderboard for social media accounts. Outbid everyone else to push your X, Instagram, TikTok, or YouTube account to the top.","Measured","$8","$2","","$1","","2026-08-23T16:46:39.748Z","","","2","0","2026-08-31T01:28:32.648Z"
"rankfirst.lol","rankfirst.lol","https://rankfirst.lol/","Websites & products","A public leaderboard where rank is bought, not earned. List your site or X profile from $2, then outbid the listing above you to climb. No algorithm, no merit.","Measured","$59","$11","","","","2026-08-23T16:46:39.160Z","","","0","0","2026-08-31T01:28:32.836Z"
"rankbuy.lol","rankbuy.lol","https://rankbuy.lol/","Websites & products","No ads, no API keys, no revenue sharing. Just outbid your competition to get to the top. The fastest competitive leaderboard.","Measured","$76","$15","","$5","","2026-08-23T16:46:38.809Z","","","0","0","2026-08-31T01:28:33.013Z"
"outbid.casino","outbid.casino","https://outbid.casino/","Websites & products","One public board. Your bid decides your rank, and your listing stays up until someone outbids you. Take #1 and hold it.","Explicit $0","$0","","","$5","","2026-08-23T16:46:37.828Z","","","0","0","2026-08-23T16:50:00.664Z"
"outbid-eu.lol","outbid-eu.lol","https://outbid-eu.lol/","Regional & other currencies","Mainly for European startups and products, but anyone worldwide is free to outbid them.","Measured","$10.44","$4.64","","","","2026-08-23T16:46:36.616Z","","","3","0","2026-08-31T01:28:33.201Z"
"Netadz","netadz.com","https://netadz.com/","Websites & products","No ads, no API keys, no revenue sharing. Just outbid your competition to claim the top spot. Will you take #1 when this site goes viral?.","Verified - unmeasured","","","","$1","","2026-08-23T16:46:36.143Z","","","0","0",""
"macapps.lol","macapps.lol","https://macapps.lol/","Websites & products","The Mac app leaderboard. Highest bidder wins.","Measured","$23.20","$11.60","","","","2026-08-23T16:46:35.198Z","","","0","0","2026-08-31T01:28:33.425Z"
"indiehackers.lol","indiehackers.lol","https://indiehackers.lol/","Websites & products","The indie hacker leaderboard where money is the only metric. Bid to claim a spot, get bumped when someone pays more.","Measured","$36","","","","","2026-08-23T16:46:32.164Z","","","0","0","2026-08-23T16:50:01.104Z"
"GeoRush","georush.lol","https://georush.lol/","AI tools & agents","Everyone claims they're winning AI Search. Now there's a leaderboard — highest bid wins. The #1 spot currently costs $15. Tools, agencies and people compete for rank.","Measured","$20","","","$5","","2026-08-23T16:46:29.861Z","","","2","0","2026-08-23T16:50:01.257Z"
"Fifteen","fifteen.show","https://fifteen.show/","Websites & products","Buy fifteen minutes of fame. Everyone sees what you paid. The fame fades 5% a day, and then it is gone.","Verified - unmeasured","","","","$10","","2026-08-23T16:46:29.462Z","","","0","0",""
"Daily Outbid","dailyoutbid.lol","https://dailyoutbid.lol/","Websites & products","Pay to rank. Resets at midnight. A daily pay-to-rank leaderboard where $1 gets you started: outbid competitors, top the board, and keep a permanent dofollow backlink.","Measured","$2","$1","","$1","","2026-08-23T16:46:28.588Z","","","0","0","2026-09-03T18:20:07.332Z"
"BidYourApp","bidyourapp.com","https://bidyourapp.com/","Websites & products","A single public leaderboard where iOS apps bid for position. Paste an App Store link, name your price, and outbid the field - the top three show their real App Store screenshots.","Measured","$1,710","","","$5","","2026-08-23T16:46:27.593Z","","","14","0","2026-08-24T19:39:32.371Z"
"bidcryptofun.lol","bidcryptofun.lol","https://bidcryptofun.lol/","Crypto & tokens","A public leaderboard of memecoins, pump.fun launches and crypto projects. Rank is the bid — nothing else.","Measured","$60","","","$15","","2026-08-23T16:46:26.517Z","","","2","0","2026-08-23T16:50:01.688Z"
"appmog","appmog.lol","https://appmog.lol/","Websites & products","Pay to be #1. Public iOS app leaderboard — App Store link only. Rank is the bid.","Measured","$107","$35","","$5","","2026-08-23T16:46:25.170Z","","","0","0","2026-08-31T01:28:33.801Z"
"wehavelinks.lol","wehavelinks.lol","https://wehavelinks.lol/","Websites & products","A leaderboard of links, big and beautiful, all fully clickable. Pay less than #1 and you still get on the board — your bid decides how high.","Measured","$35","$9","","$1","","2026-08-23T16:45:59.276Z","","","0","0","2026-08-31T01:28:33.969Z"
"firstbid","firstbid.lol","https://firstbid.lol/","Websites & products","Every great product deserves its first bid. Product listings start at $1, and the bid decides the rank.","Measured","$589","$51","","$1","","2026-08-23T16:45:27.244Z","","","0","0","2026-09-04T02:55:48.749Z"
"AgenticCommerce.lol","agenticcommerce.lol","https://agenticcommerce.lol/","Crypto & tokens","A ranked leaderboard of x402 resources. Pay $1 via x402 to rank your API, agent, or tool. Let your agent outfit itself from a ranked list of x402 endpoints.","Measured","$15","$10","","$1","","2026-08-23T16:45:16.361Z","","","2","0","2026-08-31T01:28:34.327Z"
"Ideactivate","ideactivate.cloud","https://ideactivate.cloud/","AI tools & agents","The public pay-to-rank discovery board. No algorithms. No hidden ranking factors. Higher bid = Higher rank.","Verified - unmeasured","","","","","","2026-08-23T16:30:16.899Z","","","2","0",""
"TopMySaaS","topmysaas.com","https://topmysaas.com/","Websites & products","A weekly SaaS leaderboard. Every active paid listing is ranked by total bid, with the top five highlighted.","Measured","$5","","","","","2026-08-23T16:15:21.881Z","","","0","0","2026-08-31T01:28:34.502Z"
"sportclubs.bid","sportclubs.bid","https://sportclubs.bid/","Websites & products","Fans pay. Rankings don’t lie. From €1.50. Paste a club site, pay, climb.","Verified - unmeasured","","","","€1.50","","2026-08-23T16:15:20.321Z","","","0","0",""
"LaunchWars","launchwars.lol","https://launchwars.lol/","Websites & products","Launch your startup, SaaS, or product on LaunchWars. Place a bid, climb the leaderboard, get discovered, and compete for the top spot.","Measured","$392","$49","","$1","","2026-08-23T16:15:19.517Z","","","0","0","2026-08-31T01:28:34.695Z"
"CryptoDapp.lol","cryptodapp.lol","https://cryptodapp.lol/","Crypto & tokens","Claim the #1 spot for your crypto dapp. Bid in USDC or USDT on Solana, Ethereum, Base, BNB Chain, or Polygon — highest bid ranks first.","Measured","$3","$2","","","","2026-08-23T16:15:17.432Z","","","2","0","2026-08-31T01:28:34.903Z"
"SteamBid","steambid.lol","https://steambid.lol/","Games & clips","No algorithm. No Steam ads. Just outbid them for #1. A pay-to-rank leaderboard for indie Steam games.","Measured","$27.98","","","","","2026-08-23T16:15:16.611Z","","","2","0","2026-08-31T18:15:08.780Z"
"vibebid.top","vibebid.top","https://vibebid.top/","Websites & products","Discover and rank the products built by the vibe coding community.","Measured","$54","$12","","$1","","2026-08-23T15:45:27.535Z","","","0","0","2026-09-03T23:35:48.442Z"
"TopGoblin","topgoblin.com","https://topgoblin.com/","Websites & products","A transparent paid website leaderboard where lifetime Loot sets rank and daily category winners earn the Crown.","Checked - unreadable","","","","$5","","2026-08-23T15:45:26.228Z","","","0","0","2026-08-25T21:29:40.229Z"
"claim.town","claim.town","https://claim.town/","Ads & billboards","A pay-to-rank city. Claim a block for $1, feed it, and it walks toward the middle — closer to the centre is higher on the board. Only #1 pays the crown tax.","Measured","$46","$22","","","","2026-08-23T15:45:25.023Z","","","2","0","2026-08-31T01:28:35.295Z"
"winbid.lol","winbid.lol","https://winbid.lol/","Websites & products","A public leaderboard where rank is the bid. Claim a spot for your product URL or @handle, outbid the rest, and win the clicks.","Measured","$93","$15","","$1","","2026-08-23T15:45:23.055Z","","","0","0","2026-09-03T22:55:29.146Z"
"outbid.website","outbid.website","https://outbid.website/","Websites & products","A transparent paid leaderboard for websites, products, and internet projects. Every bid and every move is visible.","Verified - unmeasured","","","","$1","","2026-08-23T15:45:22.536Z","","","0","0",""
"outbid","outbid.news","https://outbid.news/","Websites & products","Submit your product URL, bid from $2, and climb a public leaderboard ranked by paid bids.","Measured","$111","$28","","$2","","2026-08-23T15:45:18.245Z","","","0","0","2026-08-31T01:28:35.681Z"
"designbid","designbid.lol","https://designbid.lol/","Websites & products","Claim your spot on the designer leaderboard. Pay to move up. Portfolio or Twitter/X.","Measured","$15","$5","","$5","","2026-08-23T15:45:16.611Z","","","0","0","2026-08-31T01:28:35.851Z"
"claimthespot","claimthespots.com","https://claimthespots.com/","Websites & products","A leaderboard you buy your way into.","Verified - unmeasured","","","","","","2026-08-23T14:45:37.972Z","","","0","0",""
"SaaSBid","saasbid.io","https://saasbid.io/","Websites & products","Bid-based SaaS rankings, stated plainly: the bid is the position.","Measured","$220","$10","","","","2026-08-23T14:45:25.137Z","","","13","0","2026-09-04T01:00:24.356Z"
"skillissue.fail","skillissue.fail","https://skillissue.fail/","Websites & products","Ten permanent slots that never reset, where buying one does not put you above the person standing there, it removes them.","Measured","$63","","","","","2026-08-23T14:45:23.678Z","","","0","0","2026-08-23T15:14:52.334Z"
"ProductsBid","productsbid.lol","https://productsbid.lol/","Websites & products","Products ranked across categories by what their owners paid, with no ads and no algorithm in the way.","Checked - unreadable","","","","","","2026-08-23T14:45:22.937Z","","","0","0","2026-09-01T23:05:57.700Z"
"topagent.lol","topagent.lol","https://topagent.lol/","AI tools & agents","A leaderboard for AI agents where you cannot prompt your way to the top, only pay more than the agent above you.","Checked - unreadable","","","","","","2026-08-23T14:45:21.692Z","","","2","0","2026-08-31T01:28:36.415Z"
"Leaderbid","leaderbid.lol","https://leaderbid.lol/","Websites & products","A board where the amount decides the rank, and a smaller bid still lands you wherever it reaches.","Measured","$14","$6","","$7","","2026-08-23T14:45:20.383Z","","","0","0","2026-08-31T01:28:36.595Z"
"Biddr","biddr.lol","https://biddr.lol/","Websites & products","A pay-to-rank board for products and profiles where the bid beside each row is the whole ranking.","Measured","$14","$10","","$1","","2026-08-23T14:45:18.382Z","","","0","0","2026-08-31T01:28:36.778Z"
"Aurabid","aurabid.now","https://aurabid.now/","Regional & other currencies","No followers and no merit, just paying to sit above other people, with the top spot in your city costing a fraction of the top spot on earth.","Measured","$152","$20","","","","2026-08-23T14:45:16.635Z","","","2","0","2026-08-31T01:28:36.970Z"
"bid2rank.lol","bid2rank.lol","https://bid2rank.lol/","Websites & products","Websites, app store pages and X handles ranked by bid across several category boards, with ties broken by who paid first.","Measured","~$1,036","","","$4","","2026-08-23T00:30:16.196Z","","","1","0","2026-09-03T13:19:33.361Z"
"PushYourYT","pushyouryt.lol","https://pushyouryt.lol/","Games & clips","A public leaderboard of YouTube channels where rank is paid for. Highest amount sits on top. No algorithm, no sub4sub.","Measured","$14","$5","","","","2026-08-22T16:45:16.154Z","","","2","0","2026-08-31T01:28:37.325Z"
"PeakBid.lol | Buy your place on the attention leaderboard","peakbid.lol","https://peakbid.lol/","X accounts","PeakBid is a public paid leaderboard where websites and X profiles compete for attention.","Explicit $0","$0","","","$1","","2026-08-22T16:30:16.240Z","","","2","0","2026-08-22T16:33:17.870Z"
"herobid","herobid.lol","https://herobid.lol/","Websites & products","Paste a link and name a price: outbid everyone and your site takes over the top of the page until someone pays more.","Checked - unreadable","","","","$5","","2026-08-22T16:15:16.159Z","","","1","0","2026-08-24T14:18:58.296Z"
"outbid.immo","outbid.immo","https://outbid.immo/","Websites & products","A board for estate agents and property brands: drop your link, pay more than the one above you, take the spot.","Measured","$181","$40","","$5","","2026-08-22T14:15:16.159Z","","","1","0","2026-09-04T07:30:16.885Z"
"toiletad.lol","toiletad.lol","https://toiletad.lol/","Ads & billboards","Eight ad spots on a spinning toilet, where a dollar takes one off whoever is holding it.","Measured","$14","$6","","$1","","2026-08-22T13:45:16.167Z","","","3","0","2026-09-04T06:34:25.903Z"
"outbidd.in","outbidd.in","https://outbidd.in/","X accounts","Pay to rank any public LinkedIn page or post. Bid from $5, climb the board, get clicked.","Measured","$24","$7","","$5","","2026-08-22T13:15:16.265Z","","","3","0","2026-08-31T01:28:37.883Z"
"bumpbid","bumpbid.com","https://bumpbid.com/","Websites & products","Rank is the bid and nothing else: pay more than the listing above you and take its place.","Verified - unmeasured","","","","$5","","2026-08-22T12:30:14.513Z","","","1","0",""
"bestdirectories.lol","bestdirectories.lol","https://bestdirectories.lol/","Directories of bid sites","Launch directories and agencies ranked by bid, where every spot is bought and the highest holds the top until someone pays more.","Measured","$149","$18","","","","2026-08-22T12:00:14.732Z","","","7","0","2026-08-31T01:28:38.074Z"
"HiddenGems","hiddengems.lol","https://hiddengems.lol/","Games & clips","Indie games ranked by lifetime spend, where you pay the difference to climb and four dollars takes the top.","Measured","$10","$15","","$4","","2026-08-22T11:45:14.428Z","","","2","0","2026-09-03T16:50:08.808Z"
"kingbid.lol","kingbid.lol","https://kingbid.lol/","Regional & other currencies","A board with a global list and a local one per country, where spots start at five dollars and the bid sets the place.","Explicit $0","$0","","","$5","","2026-08-22T11:15:14.773Z","","","3","0","2026-08-26T19:49:19.936Z"
"AICavo Outbid","aicavo.com","https://aicavo.com/outbid","AI tools & agents","The paid board inside an AI tool directory: spots start at a dollar and the bid sets the place, with each listing click counted.","Measured","$21","$6","","$1","","2026-08-22T10:45:14.425Z","","","2","0","2026-08-31T01:28:38.417Z"
"Outbid Creators","outbidcreators.lol","https://outbidcreators.lol/","X accounts","An Instagram creator leaderboard you buy your way onto, with spots from a dollar and a smaller bid still landing you a rank.","Measured","$11","","","$1","","2026-08-22T09:00:14.668Z","","","6","0","2026-08-22T09:03:36.618Z"
"MarketRank","marketrank.lol","https://marketrank.lol/","Websites & products","A market where you buy shares in products: demand moves the price, and the price sets the place on the board.","Measured","$30","","","","","2026-08-22T08:30:14.481Z","","","2","0","2026-08-22T12:39:54.423Z"
"DailyRank","dailyrank.lol","https://dailyrank.lol/","Websites & products","A board that wipes at midnight: a dollar to enter, at least five to take the top, and everyone starts level the next morning.","Checked - unreadable","","","","$1","","2026-08-22T07:15:14.378Z","","","1","0","2026-08-23T00:03:44.380Z"
"Twitterbid","twitterbid.lol","https://twitterbid.lol/","X accounts","X handles ranked by bid, where spots start at a dollar and a smaller bid still lands you on the board.","Measured","$24","$8","","$1","","2026-08-22T07:00:14.525Z","","","3","0","2026-08-31T01:28:38.609Z"
"BoostBoard","boostboard.io","https://boostboard.io/","Ads & billboards","Products bid real money for rank, and each listing shows the traffic it actually got.","Verified - unmeasured","","","","$6","","2026-08-22T06:15:14.579Z","","","3","0",""
"BidApp","bidapp.lol","https://bidapp.lol/","Websites & products","A paid leaderboard for iOS and Android apps where bids start at five dollars and a smaller bid still lands you where the amount ranks.","Measured","$5","","","$5","","2026-08-22T06:15:14.385Z","","","1","0","2026-08-24T03:04:29.935Z"
"rankaffiliate.lol","rankaffiliate.lol","https://rankaffiliate.lol/","Websites & products","Affiliate links ranked by amount paid: outbid the current leader and the top spot is yours.","Measured","$10","$4","","$4","","2026-08-22T05:45:14.437Z","","","1","0","2026-08-31T01:28:38.790Z"
"cryptobid","cryptobids.lol","https://cryptobids.lol/","Crypto & tokens","A crypto leaderboard you buy your way up.","Measured","$2.25","","","","","2026-08-22T05:00:21.352Z","","","2","0","2026-08-30T22:04:49.205Z"
"VIAL WARS","vialwars.lol","https://vialwars.lol/","Websites & products","A peptide vendor leaderboard where the highest bidder wins and every rank is openly a paid ad, with no reviews or lab tests involved.","Measured","$5","","","$1","","2026-08-22T05:00:16.147Z","","","0","0","2026-08-31T04:34:53.830Z"
"topvid.win","topvid.win","https://topvid.win/","Games & clips","YouTube videos ranked by what their owners paid, with every bid adding to a running total and the highest total on top.","Verified - unmeasured","","","","$3","","2026-08-22T05:00:15.697Z","","","2","0",""
"onespot.lol","onespot.lol","https://onespot.lol/","Websites & products","One spot on the board, claimed by paying more; spots start at three dollars and a smaller bid still lands you somewhere.","Measured","$24","$5","","$3","","2026-08-22T03:45:14.632Z","","","2","0","2026-08-31T01:28:38.967Z"
"cheapseat.lol","cheapseat.lol","https://cheapseat.lol/","Websites & products","A board where the top seat is bought outright, and every past holder keeps a permanent plate on the wall.","Measured","$13","","","","","2026-08-22T03:45:14.380Z","","","1","0","2026-08-23T00:24:06.588Z"
"Rankinho","rankinho.com","https://rankinho.com/","Regional & other currencies","A Brazilian board paid by PIX where new entries start at one real and you pay only the difference needed to climb.","Measured","$50.76","$36","","R$1","","2026-08-22T02:45:14.429Z","","","3","0","2026-08-31T01:28:39.294Z"
"#1Board","1board.lol","https://1board.lol/","Websites & products","A board where new spots start at five dollars and the bid decides how high you land; raise on the same profile to climb.","Measured","$20","$10","","$5","","2026-08-22T01:30:22.102Z","","","3","0","2026-08-31T01:28:39.483Z"
"Undbid","undbid.com","https://undbid.com/","Websites & products","An inverted board you can only lose: listing is free, you rise as newer entries land below you, and two euros sinks somebody else.","Measured","$4.64","","","2 EUR","","2026-08-22T01:30:21.732Z","","","2","0","2026-08-22T01:36:38.339Z"
"Distributor","distributor.lol","https://distributor.lol/","Websites & products","A distribution board where the claim price sets the rank and the clicks each listing earns are verified and published.","Checked - unreadable","","","","$1","","2026-08-22T01:30:16.818Z","","","1","0","2026-08-25T18:44:37.656Z"
"PushYourX","pushyourx.lol","https://pushyourx.lol/","X accounts","X accounts in one list, ordered by the amount paid rather than by any algorithm or follow-for-follow.","Measured","$63","$20","","","","2026-08-22T01:30:14.590Z","","","3","0","2026-08-31T01:28:39.729Z"
"Top Marketers","outbid-x.vercel.app","https://outbid-x.vercel.app/","Websites & products","Marketers and creators bid for visibility on an open board, with one-time bids and every position shown in the open.","Explicit $0","$0","","","","","2026-08-22T01:15:38.123Z","","","1","0","2026-08-22T01:19:02.814Z"
"toppled.lol","toppled.lol","https://toppled.lol/","Websites & products","A bid board with one flat price: every bid is ten dollars.","Verified - unmeasured","","","","$10","","2026-08-22T01:00:28.043Z","","","0","0",""
"top3.lol","top3.lol","https://top3.lol/","Websites & products","A startup leaderboard where the claim price sets the rank, and re-bids only charge the difference from what you already paid.","Measured","$91","$11","","$2","","2026-08-22T01:00:24.875Z","","","0","0","2026-08-31T01:28:39.932Z"
"OutbidRank","outbidrank.com","https://outbidrank.com/","Websites & products","A pay-to-rank startup leaderboard where bids decay over time, so holding a place means paying again.","Verified - unmeasured","","","","$2","","2026-08-22T01:00:23.616Z","","","0","0",""
"luckybid.win","luckybid.win","https://luckybid.win/","Websites & products","A board where the price starts at 5 dollars and doubles every ten paid slots, and a draw every ten minutes can hand anyone the top spot.","Measured","$6","$5","","$5","","2026-08-22T01:00:22.240Z","","","1","0","2026-09-03T23:45:54.418Z"
"Saasgrave Spotlight","ls.saasgrave.org","https://ls.saasgrave.org/spotlight","Websites & products","The paid top of a weekly launch directory, where the bid decides the rank and a listing stays live for 24 hours.","Explicit $0","$0","","","$1","","2026-08-22T01:00:16.596Z","","","0","0","2026-08-22T01:04:35.350Z"
"thepaidlist.com","thepaidlist.com","https://thepaidlist.com/","Crypto & tokens","A crypto board where the amount decides the rank: pay a dollar more than the project above you and take its place.","Measured","$7","$3","","$2","","2026-08-22T01:00:14.736Z","","","3","0","2026-08-31T01:28:40.117Z"
"Get Rank","getrank.site","https://getrank.site/","Websites & products","A public board where rank is the bid, paid by PayPal: you buy a place on the ladder, not visitors.","Measured","$21","","","","","2026-08-22T00:30:38.481Z","","","0","0","2026-08-23T16:45:25.087Z"
"memebid","memebid.org","https://memebid.org/","Crypto & tokens","Not a DEX, not a casino: a public board where memecoins rank by USDC bid on Solana, settled wallet to wallet.","Measured","$6","$1","","$2","","2026-08-22T00:15:14.432Z","","","2","0","2026-08-31T01:28:40.295Z"
"NextOutBid","nextoutbid.com","https://nextoutbid.com/","Websites & products","Pay for rank on a public board, or earn a free slot by beating Snake. Re-list and you only pay the difference.","Measured","$3","","","$1","","2026-08-21T23:45:19.333Z","","","0","0","2026-08-21T23:52:57.363Z"
"workwithme.lol","workwithme.lol","https://workwithme.lol/","Websites & products","The professional directory that asks how high you are willing to go: bid your profile up, get outbid, bid again.","Measured","$62","$10","","","","2026-08-21T23:45:16.016Z","","","1","0","2026-09-04T00:03:29.341Z"
"Startup Spotlight","startupspotlight.co","https://startupspotlight.co/","Websites & products","A 362-strong micro-startup directory with a pay-what-you-want ladder: beat the top bid by $10 to take number one.","Checked - unreadable","","","","$10","","2026-08-21T23:45:14.740Z","","","7","0","2026-08-30T02:11:33.323Z"
"Link Lowdown","linklowdown.com","https://linklowdown.com/","Websites & products","A designer-and-developer link directory where you pay what you want and the more you pay, the higher you rank.","Measured","$699","$151","","$1","","2026-08-21T23:45:14.375Z","","","0","0","2026-08-31T01:28:40.491Z"
"outbid.work","outbid.work","https://outbid.work/","Regional & other currencies","The UK board in pounds: promote a job or your LinkedIn, and the highest bidder takes number one.","Measured","$18.90","$13.50","","","","2026-08-21T23:30:14.386Z","","","6","0","2026-08-31T01:28:40.667Z"
"outshill.lol","outshill.lol","https://outshill.lol/","Crypto & tokens","The trenches PvP leaderboard: projects, coins and memes, where your total bid buys your rank, paid from Solana or any EVM wallet.","Measured","$2","","","","","2026-08-21T23:15:21.719Z","2026-08-20T21:57:41Z","Key-Systems, LLC","3","0","2026-08-21T23:18:06.801Z"
"Claimrank","claimrank.lol","https://claimrank.lol/","Websites & products","Bid whole dollars and move up instantly: a pay-to-rank board split into categories, from AI to news to marketing.","Measured","$170","$16","","","","2026-08-21T23:15:21.207Z","2026-08-21T10:37:16Z","Name.com, Inc.","1","0","2026-08-31T01:28:40.852Z"
"Top Human","tophuman.lol","https://tophuman.lol/","X accounts","Eight billion people, one top spot: outbid the current leader and become the internet’s number one human.","Measured","$15","$5","","","","2026-08-21T23:08:54.993Z","2026-08-21T09:45:38Z","Key-Systems, LLC","2","0","2026-08-31T01:28:41.059Z"
"Worstbid","worstbid.lol","https://worstbid.lol/","Websites & products","A satirical leaderboard where you pay to crown your competition the number one worst.","Measured","$46","$25","","","","2026-08-21T23:08:54.244Z","2026-08-21T08:05:33Z","HOSTINGER operations, UAB","0","0","2026-08-31T01:28:41.245Z"
"YOUBID","youbid.top","https://youbid.top/","Games & clips","The public YouTube leaderboard where rank is the bid: paste your channel and stay above every creator.","Verified - unmeasured","","","","","","2026-08-21T23:08:53.721Z","2026-08-21T12:06:25Z","GoDaddy.com","4","0",""
"toplaunch.lol","toplaunch.lol","https://toplaunch.lol/","Websites & products","The launch leaderboard: bids stack, ranks shuffle live, and the highest bid takes number one.","Measured","$22","","","","","2026-08-21T23:08:53.400Z","2026-08-20T21:01:36Z","Spaceship, Inc.","0","0","2026-09-03T08:11:38.785Z"
"wpbid.lol","wpbid.lol","https://wpbid.lol/","Websites & products","Pay to rank on the WordPress leaderboard: plugins, themes, hosting and agencies.","Measured","$16","$10","","","","2026-08-21T23:07:52.712Z","2026-08-21T12:05:38Z","NameCheap, Inc.","0","0","2026-08-31T01:28:41.472Z"
"topdirectories.lol","topdirectories.lol","https://topdirectories.lol/","Directories of bid sites","A leaderboard for directories and launch platforms: outbid the list to take number one.","Measured","$12","$4","","","","2026-08-21T23:07:19.047Z","2026-08-20T21:15:06Z","Spaceship, Inc.","7","0","2026-09-03T19:29:38.930Z"
"Top5","top5.lol","https://top5.lol/","Websites & products","Five seats, that is it: outbid your way onto one of five permanent seats.","Checked - unreadable","","","","","","2026-08-21T23:07:17.371Z","2026-08-21T10:12:33Z","Key-Systems, LLC","0","0","2026-09-01T16:00:15.322Z"
"YourMove","yourmove.lol","https://yourmove.lol/","Ads & billboards","One homepage, one winning brand: the highest bidder gets the page's traffic.","Checked - unreadable","","","","","","2026-08-21T23:07:16.095Z","2026-08-21T09:21:53Z","NameCheap, Inc.","3","0","2026-08-21T23:52:57.991Z"
"TopTeam","topteam.lol","https://topteam.lol/","Games & clips","The global sports leaderboard: back your team with real money to push it to number one.","Explicit $0","$0","","","","","2026-08-21T23:07:15.861Z","2026-08-21T02:59:36Z","Porkbun LLC","2","0","2026-08-22T13:24:06.934Z"
"WHO'S HOTTER?","whoshotter.lol","https://whoshotter.lol/","Ads & billboards","The internet's least objective competitive advertising leaderboard.","Measured","$3","$2","","","","2026-08-21T23:07:13.371Z","2026-08-20T16:34:21Z","Porkbun LLC","2","0","2026-08-31T01:28:42.086Z"
"Lugarcito","lugarcito.online","https://lugarcito.online/","Regional & other currencies","Yours until someone puts down more: a pay-to-rank board in Spanish where whoever pays most sits highest.","Measured","$1,565.64","$317","","","","2026-08-21T23:07:11.203Z","2026-08-21T03:13:49.743Z","HOSTINGER operations, UAB","15","0","2026-08-31T02:34:50.158Z"
"Youbid","youbid.lol","https://youbid.lol/","Websites & products","You bid, you get: pay for a verified place on the product leaderboard.","Measured","$62.99","$15","","","","2026-08-21T23:07:08.840Z","2026-08-21T06:04:52Z","Dynadot Inc","1","0","2026-09-04T04:14:55.029Z"
"StayAtNumber1","stayatnumber1.vercel.app","https://stayatnumber1.vercel.app/","Websites & products","Outbid the competition and own number one, from a bare Vercel subdomain.","Checked - unreadable","","","","","","2026-08-21T23:06:47.319Z","","","0","0","2026-08-30T02:11:34.565Z"
"slopboard.lol","slopboard.lol","https://slopboard.lol/","AI tools & agents","The AI startup leaderboard ranked by money: pay and your startup goes to the top.","Explicit $0","$0","","","","","2026-08-21T23:06:30.129Z","2026-08-21T12:39:23Z","Name.com, Inc.","3","0","2026-08-21T23:07:06.047Z"
"SaaSLeague","saasleague.lol","https://www.saasleague.lol/","Websites & products","Pay to own the top slot, or climb organically while others pay.","Checked - unreadable","","","","","","2026-08-21T23:06:25.942Z","2026-08-21T09:21:49Z","NameCheap, Inc.","1","0","2026-08-21T23:52:58.187Z"
"Pujalo","pujalo.lol","https://pujalo.lol/","Regional & other currencies","A pay-to-rank board in Spanish and in pesos: one peso more than the row above and number one is yours.","Checked - unreadable","","","","","","2026-08-21T23:06:05.469Z","2026-08-21T00:43:16Z","Porkbun LLC","4","0","2026-08-21T23:52:58.343Z"
"outbidclone.lol","outbidclone.lol","https://outbidclone.lol/","Websites & products","A clone that says so on the label: bid for visibility on a public pay-to-rank ladder.","Checked - unreadable","","","","","","2026-08-21T23:05:05.366Z","2026-08-21T15:00:34Z","NameCheap, Inc.","0","0","2026-08-22T09:34:52.615Z"
"outbid.vip","outbid.vip","https://outbid.vip/","Websites & products","No ads, no API keys, no revenue sharing: outbid your competition to get to the top.","Checked - unreadable","","","","","","2026-08-21T23:05:05.012Z","2026-08-20T19:57:02Z","Cloudflare, Inc.","0","0","2026-08-21T23:52:58.499Z"
"leadingboards.lol","leadingboards.lol","https://www.leadingboards.lol/","Directories of bid sites","A directory of pay-to-rank leaderboards: free listings, pay to get featured.","Measured","$113","$7","","","","2026-08-21T23:05:03.415Z","2026-08-21T08:27:14Z","Spaceship, Inc.","8","0","2026-08-31T22:25:12.321Z"
"lamborghini.art","lamborghini.art","https://lamborghini.art/","Ads & billboards","Buy a permanent share of the vinyl wrap on a real Lamborghini Urus, two hundred thousand dollars in total.","Explicit $0","$0","","","$1,000","","2026-08-21T23:04:46.194Z","2026-08-21T03:30:58Z","Dynadot Inc","5","0","2026-08-21T23:07:06.969Z"
"GrowU","growu.lol","https://growu.lol/","Websites & products","No ads, no algorithms: your bid decides your rank, and every listing gets a dofollow link.","Measured","$33","$13","","","","2026-08-21T23:03:37.874Z","2026-08-21T08:19:31Z","HOSTINGER operations, UAB","0","0","2026-09-03T08:11:41.400Z"
"bidorb","bidorb.lol","https://www.bidorb.lol/","Ads & billboards","The biggest link wins: the highest bidder owns the biggest orb and a direct dofollow link.","Explicit $0","$0","","","","","2026-08-21T23:02:57.565Z","2026-08-21T11:03:08Z","NameCheap, Inc.","2","0","2026-08-21T23:12:00.171Z"
"Bidding Arena","biddingarena.com","https://biddingarena.com/","Websites & products","Pick a lane and outbid the rest: themed boards instead of one big ladder.","Checked - unreadable","","","","","","2026-08-21T23:02:57.363Z","2026-08-21T11:54:16Z","NameCheap, Inc.","0","0","2026-08-31T08:10:22.235Z"
"agentfind.lol","agentfind.lol","https://agentfind.lol/","AI tools & agents","Get found by AI agents: claim your spot so the agents crawling the web see you first.","Checked - unreadable","","","","","","2026-08-21T23:02:48.979Z","2026-08-21T11:59:14Z","NameCheap, Inc.","4","0","2026-08-30T02:11:34.933Z"
"outbidoutbid.lol","outbidoutbid.lol","https://outbidoutbid.lol/","Websites & products","Built as a joke and charged in real money; your amount decides your rank, same as the original.","Explicit $0","$0","","","","","2026-08-21T23:02:35.203Z","2026-08-20T17:56:03Z","Key-Systems, LLC","0","0","2026-08-21T23:12:00.341Z"
"Top Meme Coin","topmemecoin.cash","https://www.topmemecoin.cash/","Crypto & tokens","Outbid for the number one meme coin: a board ranked by total dollars bid, from a dollar up.","Checked - unreadable","","","","$1","","2026-08-21T23:01:57.935Z","2026-08-21T10:26:32.683Z","NameCheap, Inc.","3","0","2026-08-21T23:52:58.991Z"
"HOTSEAT","hotseat.gold","https://hotseat.gold/","Websites & products","Bid a dollar more and your website becomes number one; part of every payment buys promotion on X.","Measured","$15","","","$3","","2026-08-21T23:01:57.489Z","","","0","0","2026-08-30T02:11:35.140Z"
"firstpage.lol","firstpage.lol","https://firstpage.lol/","Websites & products","Pay to put your link on the front page; whoever pays the most is king until someone dethrones them.","Measured","$6","$3","","$1","","2026-08-21T23:01:52.125Z","2026-08-20T23:17:00Z","NameCheap, Inc.","0","0","2026-08-31T01:28:43.202Z"
"100 Jobs","100jobs.page","https://100jobs.page/","Websites & products","The top 100 jobs in existence, ranked by how much companies pay for your attention.","Measured","$11","$1","","","","2026-08-21T23:01:05.379Z","2026-05-05T16:58:14.600Z","CloudFlare, Inc.","0","0","2026-08-31T01:28:45.597Z"
"BIDOUT","bidout.club","https://bidout.club/","Websites & products","Claim #1: a bid board behind a rendered shell. The claim button is the whole pitch.","Checked - unreadable","","","","","","2026-08-21T23:00:25.285Z","","","0","0","2026-08-21T23:52:59.165Z"
"designerbid.lol","designerbid.lol","https://designerbid.lol/","Websites & products","The creative industry ranked by the amount paid, nothing else: designers, studios and tools.","Measured","$70","","","$1","","2026-08-21T23:00:19.057Z","2026-08-21T09:54:56Z","HOSTINGER operations, UAB","0","0","2026-08-30T02:11:35.512Z"
"underbid.online","underbid.online","https://underbid.online/","Websites & products","Products ranked by what they paid, by card, UPI or USDC on Solana, with a 30% referral cut.","Measured","$2","$1","","","","2026-08-21T23:00:18.545Z","","","0","0","2026-08-31T01:28:45.793Z"
"topbid.best","topbid.best","https://topbid.best/","Websites & products","Websites and profiles ranked by bid, or grind upward with referral clicks at $0.10 each.","Checked - unreadable","","","","$1","","2026-08-21T23:00:17.833Z","2026-08-20T23:41:44Z","Spaceship, Inc.","0","0","2026-08-21T23:52:59.321Z"
"TopSpot","topspot.so","https://topspot.so/","Websites & products","The open board for everything else: any site or app, and your amount decides your spot. Spots never expire.","Checked - unreadable","","","","","","2026-08-21T23:00:14.756Z","","","0","0","2026-08-21T23:52:59.470Z"
"bidseo.lol","bidseo.lol","https://bidseo.lol/","Websites & products","The paid SEO leaderboard: rank is the bid, sponsor slots ring the board, and every slot takeover doubles the price.","Checked - unreadable","","","1","$3","","2026-08-21T21:34:55.000Z","2026-08-20T23:24:15Z","HOSTINGER operations, UAB","2","0","2026-09-03T23:40:47.824Z"
"OutPace","outpace.lol","https://outpace.lol/","Websites & products","The board that fights back: boosts decay on a 36-hour half-life, the price of first place falls every hour, and whoever holds the top at midnight takes the pot.","Measured","$100","","1","","","2026-08-21T21:34:55.000Z","2026-08-21T11:41:45Z","Spaceship, Inc.","3","0","2026-08-22T03:48:32.179Z"
"Page One","pageone.lol","https://pageone.lol/","Ads & billboards","One homepage, owned by whoever paid most: a dollar makes it yours, and everyone who comes later has to outbid you.","Explicit $0","$0","","0","$1","","2026-08-21T21:24:52.000Z","2026-08-21T20:45:55Z","Cloudflare, Inc.","5","0","2026-09-02T21:45:03.364Z"
"outbid-directory.lol","outbid-directory.lol","https://outbid-directory.lol/","Directories of bid sites","A flat-fee index of the clones: paste a URL, pay once, listed forever — and every sale raises the next price by a dollar.","Measured","$251","$38","3","$8","","2026-08-21T21:15:47.000Z","2026-08-21T19:12:42Z","Spaceship, Inc.","8","0","2026-09-01T10:04:45.417Z"
"PeerPush Outbid","peerpush.com","https://peerpush.com/outbid","Websites & products","The first grown-up to join in: an established product directory with an outbid board on the side — bids stack, expire after thirty days, and rank is exactly the live total.","Measured","$878","$119","4","","","2026-08-21T21:15:47.000Z","","","0","0","2026-09-03T08:40:02.300Z"
"outbidception.lol","outbidception.lol","https://outbidception.lol/","Directories of bid sites","The leaderboard of leaderboards: pay-to-rank sites are everywhere this week, and this is where they pay to rank.","Measured","$1","$6","1","","","2026-08-21T21:06:35.000Z","2026-08-21T18:46:18Z","Name.com, Inc.","6","0","2026-08-22T11:03:18.265Z"
"rankr.lol","rankr.lol","https://rankr.lol/","Websites & products","Bigger bid, better position; the board is wide open and the pot sits at zero.","Explicit $0","$0","","0","","","2026-08-21T21:06:35.000Z","2026-08-21T14:29:33Z","Key-Systems, LLC","1","0","2026-08-21T21:06:35.000Z"
"WordWar","wordwar.lol","https://wordwar.lol/","Ads & billboards","The word market: a hundred AI and tech words, claimed from a dollar, your logo on the word and every click yours until someone plunders it.","Checked - unreadable","","","0","$1","","2026-08-21T21:06:35.000Z","2026-08-21T18:50:56Z","Porkbun LLC","3","0","2026-08-23T16:50:02.412Z"
"AI THRONE","aithrone.lol","https://aithrone.lol/","AI tools & agents","AI startups only: your paid lifetime total decides the rank, and the ladder already runs eighteen deep.","Measured","$96","$14","18","","","2026-08-21T20:55:36.000Z","2026-08-20T22:24:41Z","NameCheap, Inc.","2","0","2026-08-31T01:28:46.356Z"
"bidding.lol","bidding.lol","https://bidding.lol/","Directories of bid sites","The directory of bidding sites, itself ranked by bids: auction houses and pay-to-rank boards competing the only way they know.","Checked - unreadable","","","","","","2026-08-21T20:55:36.000Z","2026-08-21T03:45:33Z","Dynadot Inc","6","0","2026-08-21T23:53:00.039Z"
"charitybid","charitybid.lol","https://charitybid.lol/","Websites & products","Outbid for good: the ladder works like the big ones, but the money is donated.","Measured","$36","$21","3","","","2026-08-21T20:55:36.000Z","2026-08-21T09:49:19Z","Name.com, Inc.","0","0","2026-08-31T01:28:46.704Z"
"Dethrone (weekly)","dethrone.site","https://dethrone.site/","Websites & products","One throne per week: pay more, take it, and next Monday the fight starts over.","Measured","$23","$15","3","","","2026-08-21T20:55:36.000Z","2026-08-21T01:03:55.588Z","NameCheap, Inc.","0","0","2026-09-01T06:09:25.477Z"
"farmr.lol","farmr.lol","https://farmr.lol/","X accounts","X handles on top by public bid — the first five joined free, everyone after pays.","Measured","$30","$7","","","","2026-08-21T20:55:36.000Z","2026-08-20T23:24:27Z","NameCheap, Inc.","4","0","2026-09-02T05:34:55.919Z"
"indiecity","indiecity.lol","https://indiecity.lol/","Ads & billboards","Outbid the skyline: a 3D city where paying more builds your tower higher; the park is still empty.","Checked - unreadable","","","0","","","2026-08-21T20:55:36.000Z","2026-08-21T08:14:28Z","OVH sas","2","0","2026-08-21T23:53:00.341Z"
"melhor lance","melhorlance.dev","https://melhorlance.dev/","Regional & other currencies","The Brazilian giant: a public board of Brazilian products a hundred rows deep, with thousands of visits a day.","Measured","$1,430.98","$0.18","~101","","","2026-08-21T20:55:36.000Z","2026-08-20T18:07:15.440Z","Namecheap Inc.","12","0","2026-08-31T01:28:46.873Z"
"Race to the Bottom","racetothebottom.lol","https://racetothebottom.lol/","Websites & products","The inversion of the inversion: five dollars to enter, all bids revealed at once, and the LOWEST unique bid wins #1 for a day.","Checked - unreadable","","","","$5","","2026-08-21T20:55:36.000Z","2026-08-21T08:44:33Z","Key-Systems, LLC","0","0","2026-08-21T23:53:00.192Z"
"roastme.gg","roastme.gg","https://roastme.gg/","Games & clips","Pay to be publicly roasted by AI, ranked by how much it hurt your wallet — twenty dollars buys Scorched Earth.","Verified - unmeasured","","","","$20","","2026-08-21T20:55:36.000Z","","","6","0",""
"TopYoutubeChannels","topchannels.lol","https://topchannels.lol/","X accounts","YouTube channels claim their spot and get discovered; the board decides by bid.","Checked - unreadable","","","","","","2026-08-21T20:55:36.000Z","2026-08-21T13:58:10Z","NameCheap, Inc.","4","0","2026-08-30T21:35:15.592Z"
"tophumans.lol","tophumans.lol","https://tophumans.lol/","X accounts","The human leaderboard: people boosted a few dollars at a time, sixteen rows and counting.","Measured","$37","$5","16","","","2026-08-21T20:55:36.000Z","2026-08-21T06:54:48Z","Cloudflare, Inc.","2","0","2026-08-31T01:28:47.681Z"
"TopPlugin","topplugin.lol","https://topplugin.lol/","Websites & products","No reviews, no secret algorithm: WordPress plugins ranked by what they bid.","Measured","$13","$3","","","","2026-08-21T20:55:36.000Z","2026-08-20T23:06:32Z","HOSTINGER operations, UAB","1","0","2026-08-31T01:28:47.267Z"
"TopTheme","toptheme.lol","https://toptheme.lol/","Websites & products","WordPress themes outbid each other for the spotlight.","Measured","$17","$3","","","","2026-08-21T20:55:36.000Z","2026-08-21T11:33:39Z","HOSTINGER operations, UAB","1","0","2026-08-31T01:28:47.074Z"
"watchbid.lol","watchbid.lol","https://watchbid.lol/","Ads & billboards","Buy the top screen: the three highest bids get their picture full-width above the fold; everyone else is a line.","Measured","$10","","","","","2026-08-21T20:55:36.000Z","2026-08-21T02:49:07Z","NameCheap, Inc.","3","0","2026-08-30T02:11:36.455Z"
"whos1.lol","whos1.lol","https://whos1.lol/","X accounts","One leaderboard for every profile on the internet, with a live feed and a takeover button.","Measured","$10","","3","","","2026-08-21T20:55:36.000Z","2026-08-21T05:54:22Z","Cloudflare, Inc.","5","0","2026-08-21T23:46:40.198Z"
"SRank","srank.lol","https://srank.lol/","X accounts","Twitch discovery, paid: rank your channel or a streamer you love, and the visits get counted out to Twitch.","Measured","$120","$12","18","$5","","2026-08-21T20:49:53.000Z","2026-08-21T15:09:49Z","Squarespace Domains II LLC","4","0","2026-08-31T01:28:47.845Z"
"RankMarkets","rankmarkets.lol","https://rankmarkets.lol/","Directories of bid sites","The paid-placement index: a map of every site where payment determines ranking, visibility or position.","Verified - unmeasured","","","","","","2026-08-21T20:48:10.000Z","2026-08-21T07:37:49Z","HOSTINGER operations, UAB","3","0",""
"topchat.lol","topchat.lol","https://topchat.lol/","Websites & products","The pay-to-rank chatroom: two dollars to post, money decides the order, and anyone can boost any message.","Measured","$51","$4","0","$2","","2026-08-21T20:48:10.000Z","2026-08-20T22:50:14Z","Key-Systems, LLC","0","0","2026-09-01T14:45:05.685Z"
"Biggus Dickus","biggusdickus.lol","https://biggusdickus.lol/","Websites & products","The Roman one: founders and products ranked by the size of their tribute, in shameless imperial style.","Verified - unmeasured","","","","$5","","2026-08-21T20:40:15.000Z","2026-08-21T14:37:52Z","NameCheap, Inc.","1","0",""
"toplocal","toplocal.lol","https://toplocal.lol/","Websites & products","The per-country board: the leaderboard money buys, one map wedge per nation — or claim the whole map.","Measured","$13","","","","","2026-08-21T20:40:14.000Z","2026-08-21T04:10:38Z","Key-Systems, LLC","0","0","2026-08-30T02:11:36.908Z"
"Top Marketers","topmarketers.lol","https://topmarketers.lol/","X accounts","Marketers bid for visibility in front of the brands that hire; every position is transparent.","Explicit $0","$0","$1","1","","Dodo","2026-08-21T20:40:13.000Z","2026-08-21T12:11:49Z","NameCheap, Inc.","5","0","2026-08-21T23:12:00.500Z"
"Rei de Portugal","reideportugal.lol","https://reideportugal.lol/","Regional & other currencies","Buy Portugal municipality by municipality; every euro raised is pledged to a Portuguese charity.","Checked - unreadable","","","1","","","2026-08-21T20:40:12.000Z","2026-08-21T14:47:13Z","NameCheap, Inc.","4","0","2026-08-21T23:53:00.506Z"
"TopCreator","topcreator.fun","https://topcreator.fun/","X accounts","X and YouTube creators outbid each other for #1, in English or French.","Measured","$2","","1","","Stripe","2026-08-21T20:40:11.000Z","","","5","0","2026-09-01T08:29:57.308Z"
"ViralMe","viralme.lol","https://viralme.lol/","Websites & products","Pay to rank, go viral: rank is the bid and nothing else.","Measured","$6","$4","","$3","","2026-08-21T20:40:10.000Z","2026-08-21T04:58:38Z","NameCheap, Inc.","0","0","2026-08-31T01:28:48.023Z"
"halfbid.lol","halfbid.lol","https://halfbid.lol/","Websites & products","Half the takeover tax: climbing costs half what it would elsewhere, and every payment comes back as credit.","Checked - unreadable","","$2","","","","2026-08-21T20:40:09.000Z","2026-08-21T05:21:54Z","Key-Systems, LLC","0","0","2026-08-21T20:40:00.000Z"
"topnewsletters.lol","topnewsletters.lol","https://topnewsletters.lol/","Websites & products","Newsletters bid for the inbox — the opens, the replies, the forwards; the top slot carries real money.","Measured","~$277","$56","","","","2026-08-21T20:40:08.000Z","2026-08-21T00:46:49Z","NameCheap, Inc.","0","0","2026-08-31T01:28:48.385Z"
"outdonate.lol","outdonate.lol","https://outdonate.lol/","Websites & products","The donation inversion: the money goes to causes rather than the operator, and the top giver holds #1.","Measured","$5","$5","1","$5","","2026-08-21T20:40:07.000Z","2026-08-21T17:48:06Z","Spaceship, Inc.","0","0","2026-08-21T22:03:37.780Z"
"freeoutbid.lol","freeoutbid.lol","https://freeoutbid.lol/","Websites & products","The one money cannot fully buy: every project starts with three free bids and a $100 limit.","Checked - unreadable","","","","","","2026-08-21T20:40:06.000Z","2026-08-21T16:04:46Z","Spaceship, Inc.","5","0","2026-08-22T18:58:49.623Z"
"befamous.lol","befamous.lol","https://befamous.lol/","X accounts","Personal fame, priced: outbid everyone else to put your own name at the top.","Measured","$5","$5","1","","","2026-08-21T20:40:05.000Z","2026-08-21T14:43:28Z","Spaceship, Inc.","3","0","2026-08-23T15:14:52.736Z"
"flexxx.lol","flexxx.lol","https://flexxx.lol/","X accounts","Instagram handles boosted with real dollars; the live feed shows who paid to flex whom.","Measured","$45","$5","","","","2026-08-21T20:40:04.000Z","2026-08-21T10:43:50Z","Key-Systems, LLC","4","0","2026-08-21T23:53:00.836Z"
"secbid.lol","secbid.lol","https://secbid.lol/","Websites & products","Another outbid.lol built for security businesses: pentest tools, IAM and EDR ranked by bid.","Checked - unreadable","","$1","1","","","2026-08-21T20:40:03.000Z","2026-08-21T17:51:35Z","HOSTINGER operations, UAB","0","0","2026-08-21T23:53:01.007Z"
"topshopifyapp.lol","topshopifyapp.lol","https://topshopifyapp.lol/","Websites & products","Shopify apps outbid each other for the top; a dollar joins the board lower down.","Measured","$45","$21","","$1","","2026-08-21T20:40:03.000Z","2026-08-21T07:45:03Z","NameCheap, Inc.","0","0","2026-09-04T00:11:34.768Z"
"TopService","topservice.lol","https://topservice.lol/","Websites & products","Services pay their way to #1; spots open at a dollar and a lower bid still lands.","Measured","$7","$2","1","$1","","2026-08-21T20:40:02.000Z","2026-08-21T13:51:46Z","Spaceship, Inc.","0","0","2026-08-21T23:46:41.890Z"
"TopTools","toptools.lol","https://toptools.lol/","Websites & products","One list ordered by money: whatever you bid puts you above everyone who bid less.","Measured","$56","$50","3","","","2026-08-21T20:40:02.000Z","2026-08-21T06:54:46Z","NameCheap, Inc.","0","0","2026-08-31T01:28:48.769Z"
"feedbid.lol","feedbid.lol","https://feedbid.lol/","Games & clips","Videos ranked by bid, with every click delivered and counted; Spanish toggle included.","Measured","$21","$6","11","$1","","2026-08-21T20:40:01.000Z","2026-08-21T17:31:56Z","Cloudflare, Inc.","3","0","2026-08-31T01:28:48.955Z"
"nohumans.lol","nohumans.lol","https://nohumans.lol/","AI tools & agents","The leaderboard humans cannot buy: every slot is bought by an AI agent paying machine-to-machine in USDC over x402.","Explicit $0","$0","","","","USDC via x402","2026-08-21T20:40:01.000Z","2026-08-21T09:57:13Z","Porkbun LLC","3","0","2026-08-21T23:12:00.668Z"
"OUTLVL","outlvl.lol","https://outlvl.lol/","Games & clips","Pay to rank your game above the rest; the bid decides the spot, and you can bid again later.","Measured","$5","$3","2","","","2026-08-21T20:40:00.000Z","2026-08-21T07:05:21Z","Name.com, Inc.","3","0","2026-08-30T02:11:37.437Z"
"RankTube","ranktube.lol","https://ranktube.lol/","Games & clips","Every video is an ad and every ad is for sale — spots on a video wall, taken by whoever pays.","Measured","$2","$2","1","","","2026-08-21T20:40:00.000Z","2026-08-21T12:39:45Z","Spaceship, Inc.","5","0","2026-08-21T22:03:39.330Z"
"PeopleRanking","peoplerank.lol","https://peoplerank.lol/","X accounts","Nominate anyone; every confirmed dollar adds to their score, and ties go to whoever arrived first.","Checked - unreadable","","$3","1","","","2026-08-21T20:35:04.000Z","2026-08-21T06:59:06Z","HOSTINGER operations, UAB","2","0","2026-08-21T23:53:01.548Z"
"shoutbid","shoutbid.lol","https://shoutbid.lol/","Websites & products","Pay to stand above everyone else, with a billboards tab for the bigger spenders.","Checked - unreadable","","","","$5","","2026-08-21T20:35:03.000Z","2026-08-21T16:55:14Z","NameCheap, Inc.","0","0","2026-08-21T23:53:01.721Z"
"Blue vs Red","blue-vs-red.app","https://blue-vs-red.app/","Ads & billboards","The battle for America: deploy soldiers from a dollar and push your side's line across the map.","Explicit $0","$0","","0","$1","","2026-08-21T20:35:02.000Z","2026-08-21T15:29:46.526Z","CloudFlare, Inc.","2","0","2026-08-21T20:35:00.000Z"
"HypeLadder","hypeladder.lol","https://hypeladder.lol/","X accounts","The Twitch version: communities boost their streamer with dollars, and the top spot goes to the best-funded fandom.","Measured","$1","$1","1","","","2026-08-21T20:35:01.000Z","2026-08-21T04:13:22Z","NameCheap, Inc.","3","0","2026-08-23T15:14:52.889Z"
"Richie Rich","richierich.lol","https://richierich.lol/","X accounts","Find the real-life Richie Rich: one crown, worn by whoever paid the most to wear it.","Checked - unreadable","","$5","1","","","2026-08-21T20:35:00.000Z","2026-08-21T19:50:16Z","Key-Systems, LLC","2","0","2026-08-21T23:53:01.889Z"
"dontbid.lol","dontbid.lol","https://dontbid.lol/","Websites & products","A product directory with no algorithm, no reviews and no editors — listings sit where their money put them.","Checked - unreadable","","$15","8","","","2026-08-21T20:27:00.000Z","2026-08-21T07:05:46Z","Key-Systems, LLC","1","0","2026-08-21T23:53:02.069Z"
"tweetbid.lol","tweetbid.lol","https://tweetbid.lol/","X accounts","Pay to rank any tweet: no ads, no gatekeeping, just outbid the other builders.","Measured","$7","","","","","2026-08-21T20:27:00.000Z","2026-08-21T09:08:01Z","NameCheap, Inc.","6","0","2026-08-22T15:03:27.193Z"
"WARMAP","warmap.lol","https://warmap.lol/","Ads & billboards","The world is for sale: bid on any country, your logo rules it, and anyone can steal it for 1.5x your bid.","Measured","$5,615","","0","","","2026-08-21T20:27:00.000Z","2026-08-21T07:25:42Z","Spaceship, Inc.","24","0","2026-09-01T19:20:10.084Z"
"whosetheboss.lol","whosetheboss.lol","https://whosetheboss.lol/","Websites & products","One company rules the page: outbid them or sit below them, on separate boards for websites and apps.","Measured","$88","$22","10","","","2026-08-21T20:27:00.000Z","2026-08-20T15:58:09Z","Key-Systems, LLC","0","0","2026-08-31T01:28:49.127Z"
"AppRumble","apprumble.lol","https://apprumble.lol/","Websites & products","The fight card: every app above you has a price on its head — pay it, take the spot, hand them the loss.","Checked - unreadable","","$1.40","1","","","2026-08-21T20:26:00.000Z","2026-08-21T15:11:29Z","Cloudflare, Inc.","0","0","2026-08-21T23:53:02.234Z"
"Bidwall","bidwall.app","https://bidwall.app/","Websites & products","A network of ranked boards — global, per-region and per-OS — each with its own entry price, from rupees to Singapore dollars.","Checked - unreadable","","","40","","","2026-08-21T20:26:00.000Z","2026-08-21T15:51:00.871Z","CloudFlare, Inc.","0","0","2026-08-21T20:25:00.000Z"
"Kingme","kingme.lol","https://kingme.lol/","Websites & products","The resale throne: pay for #1, and when someone takes it for twice your price, you get 70% of what they paid.","Checked - unreadable","","","0","","","2026-08-21T20:26:00.000Z","2026-08-21T17:09:40Z","Name.com, Inc.","0","0","2026-08-21T23:53:02.413Z"
"ViralBid","viralbid.lol","https://viralbid.lol/","X accounts","Money talks: profiles ranked solely by verified payments — placement, not followers or engagement.","Checked - unreadable","","$1","1","$1","","2026-08-21T20:15:01.000Z","2026-08-21T09:12:23Z","Key-Systems, LLC","4","0","2026-08-21T23:53:02.576Z"
"Fastbid","fastbid.lol","https://fastbid.lol/","Websites & products","Pay once, stay listed, track every click; the first successful payment creates the opening position.","Measured","$2","$2","1","$2","Stripe","2026-08-21T20:15:00.000Z","2026-08-21T09:03:38Z","NameCheap, Inc.","0","0","2026-08-21T23:46:42.340Z"
"APEBID","apebid.lol","https://apebid.lol/","Crypto & tokens","Promote your favorite memecoin and rule the board; not a token — the board is the product.","Checked - unreadable","","","2","","SOL","2026-08-21T20:12:00.000Z","2026-08-21T12:41:09Z","NameCheap, Inc.","4","0","2026-08-21T23:53:02.894Z"
"benslist","benslist.lol","https://benslist.lol/","Websites & products","The search engine sorted by money: four million results, and the ones who paid float to the top.","Checked - unreadable","","","1","","","2026-08-21T20:12:00.000Z","2026-08-21T12:55:17Z","Key-Systems, LLC","0","0","2026-08-21T23:53:02.735Z"
"bidrush","bidrush.lol","https://bidrush.lol/","Websites & products","The budget board: #1 on the big one costs a fortune — here the crown is single digits.","Measured","$26","$6","6","","","2026-08-21T20:12:00.000Z","2026-08-21T09:04:56Z","Name.com, Inc.","0","0","2026-08-22T11:03:18.604Z"
"BidTube","bidtube.lol","https://bidtube.lol/","X accounts","YouTubers outbid each other for #1: no ads, no algorithms, just money.","Explicit $0","$0","$1","1","","","2026-08-21T20:12:00.000Z","2026-08-20T22:43:07Z","NameCheap, Inc.","3","0","2026-08-21T23:46:42.655Z"
"biggestego.lol","biggestego.lol","https://biggestego.lol/","X accounts","The whole site is one line: who is #1 and what their ego cost.","Checked - unreadable","","$5","1","","","2026-08-21T20:12:00.000Z","2026-08-21T07:05:21Z","Porkbun LLC","4","0","2026-08-21T23:53:03.191Z"
"ExtBid","extbid.lol","https://extbid.lol/","Websites & products","Chrome extensions outbid each other for the top spot and the traffic it drives.","Measured","$6","$4","2","","","2026-08-21T20:12:00.000Z","2026-08-21T05:23:01Z","Key-Systems, LLC","0","0","2026-08-31T01:28:49.499Z"
"MacBid","macbid.lol","https://macbid.lol/","Websites & products","The paid leaderboard for Mac apps, ranked by real public bids with cookie-free analytics.","Checked - unreadable","","$3","","","","2026-08-21T20:12:00.000Z","2026-08-21T05:43:38Z","NameCheap, Inc.","1","0","2026-08-22T05:54:51.077Z"
"Outsat","outsat.lol","https://outsat.lol/","Crypto & tokens","Rank any link with sats over Lightning; keep stacking the same link to climb.","Checked - unreadable","","4,000 sats","","","Lightning","2026-08-21T20:12:00.000Z","2026-08-21T10:40:51Z","Cloudflare, Inc.","3","0","2026-08-21T20:25:00.000Z"
"payattention.lol","payattention.lol","https://payattention.lol/","Websites & products","Paste a link, name a price, watch it climb; a hall of fame keeps the receipts.","Checked - unreadable","","$1","2","","","2026-08-21T20:12:00.000Z","2026-08-21T10:05:29Z","Name.com, Inc.","1","0","2026-08-21T23:53:03.035Z"
"Rankmeme","rankmeme.lol","https://rankmeme.lol/","Crypto & tokens","Pay to rank Solana memes, with a treasury token bolted on and stats in two languages.","Measured","$0.46","$0.04","3","","SOL","2026-08-21T20:12:00.000Z","2026-08-21T12:24:08Z","NameCheap, Inc.","3","0","2026-08-31T01:28:49.292Z"
"Top Founder","topfounder.lol","https://topfounder.lol/","X accounts","The best founders money can buy; the asterisk is the business model.","Measured","$1","$1","1","$1","","2026-08-21T20:12:00.000Z","2026-08-21T10:13:21Z","HOSTINGER operations, UAB","3","0","2026-08-21T20:25:00.000Z"
"topple.lol","topple.lol","https://topple.lol/","Websites & products","Nobody camps at #1: every bid melts 50% a day, so the king refuels or gets toppled.","Measured","$51","$5","3","","","2026-08-21T20:12:00.000Z","2026-08-20T21:07:40Z","Cloudflare, Inc.","0","0","2026-08-30T02:11:38.013Z"
"y33t.lol","y33t.lol","https://y33t.lol/","Websites & products","One spot, endless yeets: pay to take the board and hold it until someone yeets you off.","Measured","$3","","1","","","2026-08-21T20:12:00.000Z","2026-08-21T08:37:22Z","Name.com, Inc.","1","0","2026-08-31T04:44:57.188Z"
"AgentBid","agentbid.lol","https://agentbid.lol/","Ads & billboards","One canvas for the agent internet: 264 plots, each opening at a dollar, bought by bid.","Verified - unmeasured","","","","$1","","2026-08-21T20:05:11.000Z","2026-08-20T20:36:01Z","Name.com, Inc.","3","0",""
"BidList","bidlist.lol","https://bidlist.lol/","Websites & products","List your product, place a bid, get discovered; the bid-powered product leaderboard.","Measured","$18","$1","1","$1","","2026-08-21T20:05:10.000Z","2026-08-21T08:56:10Z","Spaceship, Inc.","1","0","2026-08-30T02:11:38.205Z"
"BidWall","bidwall.lol","https://bidwall.lol/","Ads & billboards","The internet's billboard: companies ranked by what they paid for their space.","Measured","$54","$18","","$1","Stripe","2026-08-21T20:05:09.000Z","2026-08-21T08:14:45Z","Dynadot Inc","3","0","2026-08-31T13:59:44.449Z"
"toolbid.lol","toolbid.lol","https://toolbid.lol/","Websites & products","Developer tools, AI tools, extensions and apps; pay a dollar more than #1 so people see your work.","Measured","$12","$4","2","","","2026-08-21T20:05:08.000Z","2026-08-21T12:14:09Z","Name.com, Inc.","0","0","2026-09-01T06:29:25.606Z"
"lamborghini.lol","lamborghini.lol","https://lamborghini.lol/","Ads & billboards","Bid for screen time on a real Lamborghini's digital billboard; your ad rides for the lifetime of the car.","Measured","$25,000","","","$1,000","","2026-08-21T20:05:07.000Z","2026-08-21T01:23:58Z","NameCheap, Inc.","43","0","2026-08-21T22:03:42.044Z"
"topx.lol","topx.lol","https://topx.lol/","X accounts","Own a piece of internet real estate: one X account holds the top until somebody bids a dollar more.","Measured","$55","$10","10","","","2026-08-21T20:05:06.000Z","2026-08-20T21:15:23Z","Name.com, Inc.","5","0","2026-08-21T22:03:42.218Z"
"CopyKitty","copykitty.lol","https://copykitty.lol/","Websites & products","Copy the attention: indie products on a live board where verified bids set the rank and every outbound click is counted.","Measured","$118","$22","11","","","2026-08-21T20:05:05.000Z","2026-08-20T21:40:05Z","Key-Systems, LLC","1","0","2026-08-31T01:28:50.044Z"
"Apprank","apprank.lol","https://apprank.lol/","Websites & products","Pay once and hold your place until someone claims it over you.","Checked - unreadable","","$1","1","","","2026-08-21T20:05:04.000Z","2026-08-21T09:26:31Z","NameCheap, Inc.","0","0","2026-08-21T23:53:03.345Z"
"GameRank","gamerank.lol","https://gamerank.lol/","Games & clips","The live chart for games: be the game everyone sees, for as long as you out-pay.","Measured","$20","$10","0","","","2026-08-21T20:05:03.000Z","2026-08-21T14:32:20Z","Cloudflare, Inc.","4","0","2026-08-31T01:28:50.243Z"
"basebid.lol","basebid.lol","https://basebid.lol/","Crypto & tokens","Stake USDC to rank your Base project; seasons, stats, and a board of stakes.","Measured","$127","$43","10","$2","USDC on Base","2026-08-21T20:05:02.000Z","2026-08-21T06:36:06Z","NameCheap, Inc.","4","0","2026-08-31T01:28:50.440Z"
"SaaSBid","saasbid.lol","https://saasbid.lol/","Websites & products","SaaS products compete for attention in weekly rounds; the bid is the position.","Explicit $0","$0","$5","1","","","2026-08-21T20:05:01.000Z","2026-08-21T10:07:26Z","NameCheap, Inc.","0","0","2026-08-21T23:12:00.840Z"
"bidMe Founder Rank","bidme.lol","https://bidme.lol/","X accounts","Ten spots, one board. Every founder says theirs is the one to watch; the bid settles it.","Checked - unreadable","","$1","1","","","2026-08-21T20:05:00.000Z","2026-08-21T01:15:20Z","HOSTINGER operations, UAB","3","0","2026-08-21T23:53:03.647Z"
"outbid-lol.com","outbid-lol.com","https://outbid-lol.com/","Websites & products","The homage domain: every spot for sale in whole dollars, and a bid under #1 still lands where it can.","Measured","~$51","$20","","$1","","2026-08-21T19:55:03.000Z","2026-08-21T05:03:42Z","Cloudflare, Inc.","0","0","2026-09-01T13:20:07.180Z"
"Warbid","warbid.lol","https://www.warbid.lol/","Crypto & tokens","The chain war, in French: two boards, SOL versus BNB, and the rank only exists after a real transaction.","Measured","$145","$21","0","","USDC/SOL/BNB","2026-08-21T19:55:02.000Z","2026-08-21T19:08:08Z","HOSTINGER operations, UAB","3","0","2026-08-31T01:28:50.828Z"
"outbidded.lol","outbidded.lol","https://outbidded.lol/","Crypto & tokens","The crown board: the top USDC bid from any chain wears it, and the price to take it is posted live.","Measured","$14","$5","4","$1","USDC","2026-08-21T19:55:01.000Z","2026-08-21T10:45:10Z","Cloudflare, Inc.","3","0","2026-09-04T06:39:32.682Z"
"outbid.work","outbid.live","https://outbid.live/","Regional & other currencies","The recruiting one: link a job or your LinkedIn and pay in pounds; the UK board ranks whoever pays more.","Measured","$18.90","$13.50","","","","2026-08-21T19:55:00.000Z","","","2","0","2026-08-31T01:28:51.231Z"
"TakeTheSpot","takethespot.lol","https://takethespot.lol/","Ads & billboards","The grid one: claim spots from a dollar, drag out a territory, and pay to take over anything already owned.","Verified - unmeasured","","","","$1","","2026-08-21T19:30:06.000Z","2026-08-21T10:15:47Z","Key-Systems, LLC","4","0",""
"bidmeme.lol","bidmeme.lol","https://bidmeme.lol/","Crypto & tokens","Memecoins ranked by standing on-chain bids; each epoch the top three get their money back.","Explicit $0","$0","$0.41","4","","SOL","2026-08-21T19:30:05.000Z","2026-08-21T09:58:58Z","Spaceship, Inc.","4","0","2026-08-21T22:03:43.467Z"
"maxbid.lol","maxbid.lol","https://maxbid.lol/","Crypto & tokens","The same board in SOL: new spots from 0.05 SOL, and a smaller bid still lands where it can.","Verified - unmeasured","","","","0.05 SOL","SOL","2026-08-21T19:30:04.000Z","2026-08-21T10:35:44Z","NameCheap, Inc.","3","0",""
"rankit","rankit.lol","https://rankit.lol/","Websites & products","The monthly one: the board freezes at month's end, standings publish for good, and first place reopens at a dollar.","Checked - unreadable","","","0","$1","Stripe","2026-08-21T19:30:03.000Z","2026-08-21T14:27:58Z","Cloudflare, Inc.","0","0","2026-08-21T23:53:03.941Z"
"Ranktop","ranktop.lol","https://ranktop.lol/","Websites & products","A transparent board for products, makers and useful links; the verified bid decides the position.","Measured","$5","$3","3","","","2026-08-21T19:30:02.000Z","2026-08-21T06:53:33Z","Spaceship, Inc.","0","0","2026-08-21T23:46:44.137Z"
"flexbid","flexbid.lol","https://flexbid.lol/","Websites & products","Pay up, move up: one permanent board where raising your own bid only costs the difference.","Checked - unreadable","","","0","","","2026-08-21T19:30:01.000Z","2026-08-21T12:01:42Z","Spaceship, Inc.","0","0","2026-08-21T23:53:04.112Z"
"BidMore","bidmore.lol","https://bidmore.lol/","Websites & products","Products and handles ranked by verified bid; the bid holds the rank until someone pays more.","Checked - unreadable","","$2","1","","","2026-08-21T19:30:00.000Z","2026-08-21T06:11:27Z","Key-Systems, LLC","0","0","2026-08-21T23:53:04.278Z"
"topflex.lol","topflex.lol","https://topflex.lol/","Websites & products","All the things","Measured","$12","$5","2","","","2026-08-21T19:26:26.654Z","2026-08-21T10:56:58Z","NameCheap, Inc.","0","0","2026-08-31T01:28:51.411Z"
"solbid.lol","solbid.lol","https://solbid.lol/","Crypto & tokens","The Solana one: projects and tokens bid in SOL from a connected wallet, highest stack on top.","Verified - unmeasured","","","","","SOL","2026-08-21T19:20:10.000Z","2026-08-21T09:17:45Z","NameCheap, Inc.","6","1",""
"underbid.lol","underbid.lol","https://underbid.lol/","Ads & billboards","The inversion: a falling-price auction for the ad spot. The price drops every second; claim it before someone cheaper does.","Verified - unmeasured","","","","","","2026-08-21T19:20:09.000Z","2026-08-21T03:27:21Z","Name.com, Inc.","5","0",""
"topinfluencers.lol","topinfluencers.lol","https://topinfluencers.lol/","X accounts","Creators ranked by one thing: how much they paid. The bid is the rank.","Checked - unreadable","","$3","1","","","2026-08-21T19:20:08.000Z","2026-08-21T12:42:04Z","Cloudflare, Inc.","4","0","2026-08-21T23:53:04.613Z"
"LastSpot","lastspot.lol","https://lastspot.lol/","Websites & products","A hundred slots; payments set a live value that drops 5% a day, so a spot must be fed.","Measured","$65.47","$6.41","5","","","2026-08-21T19:20:07.000Z","2026-08-20T21:18:33Z","Name.com, Inc.","0","0","2026-09-04T07:55:02.999Z"
"spots.lol","spots.lol","https://spots.lol/","Ads & billboards","The ad board where the highest bid ranks #1 — and the whole board clears every Sunday.","Checked - unreadable","","$5","4","","Stripe","2026-08-21T19:20:06.000Z","2026-08-20T19:48:40Z","Spaceship, Inc.","5","0","2026-08-30T02:11:39.503Z"
"Steal My Spot","stealmyspot.lol","https://www.stealmyspot.lol/","Websites & products","Websites and X profiles on a live paid board; outbid a listing to take its position.","Measured","$48","$13","8","$29","","2026-08-21T19:20:05.000Z","2026-08-21T10:01:13Z","HOSTINGER operations, UAB","0","0","2026-08-23T15:14:53.445Z"
"Xrank","xrank.lol","https://xrank.lol/","X accounts","X accounts ordered purely by money paid into their rank — including accounts the payer does not own.","Measured","$14","$12","2","","","2026-08-21T19:20:04.000Z","2026-08-21T10:43:00Z","Key-Systems, LLC","3","0","2026-08-31T01:28:51.793Z"
"ThreadsRank","threadsrank.lol","https://threadsrank.lol/","X accounts","Threads accounts ranked by one thing: how much was paid. No algorithm, no engagement bait.","Measured","$82","$10","8","","Stripe","2026-08-21T19:20:03.000Z","2026-08-21T07:43:19Z","NameCheap, Inc.","2","0","2026-08-30T02:11:39.728Z"
"rankbid","rankbid.lol","https://rankbid.lol/","Websites & products","No judges, votes or secret sauce. Name your price, take the place it buys, stay until someone brings one more dollar.","Measured","$1,433","$120","18","","","2026-08-21T19:20:02.000Z","2026-08-21T02:29:52Z","NameCheap, Inc.","1","0","2026-09-03T04:39:44.069Z"
"BidRank","bidrank.lol","https://bidrank.lol/","Websites & products","No ads, no accounts, no cut. Pay a dollar more than the seat you want.","Explicit $0","$0","$2","1","","","2026-08-21T19:20:01.000Z","2026-08-21T02:05:52Z","Porkbun LLC","0","0","2026-08-30T02:11:40.138Z"
"BidKing","bidking.lol","https://bidking.lol/","Websites & products","The highest bidder sits on top. Pay to be listed; highest bid ranks first.","Measured","$128","$21","2","","","2026-08-21T19:20:00.000Z","2026-08-21T14:39:49Z","Dynadot Inc","0","0","2026-09-03T13:14:33.257Z"
"BUYTHETOP","buythetop.lol","https://buythetop.lol/","Crypto & tokens","The Solana board with gravity: bid SOL for rank, every position rots 2% an hour, and ten SOL buys the whole front page.","Checked - unreadable","","0.08 SOL","2","0.05 SOL","SOL","2026-08-21T19:15:02.000Z","2026-08-20T14:12:21Z","NameCheap, Inc.","3","0","2026-08-21T20:25:00.000Z"
"RankWar","rankwar.lol","https://rankwar.lol/","Websites & products","Paste one URL, name a bid, and the site builds your listing; the board is brand new and waiting for its first dollar.","Explicit $0","$0","","0","$1","Stripe","2026-08-21T19:15:01.000Z","2026-08-20T21:31:00Z","HOSTINGER operations, UAB","0","0","2026-08-31T21:31:03.188Z"
"outbidder.lol","outbidder.lol","https://outbidder.lol/","Websites & products","Sites, handles, text and memes on one honest board; a bid under #1 still lands wherever it can.","Checked - unreadable","","","","$5","","2026-08-21T19:15:00.000Z","2026-08-21T13:22:08Z","NameCheap, Inc.","1","0","2026-08-22T13:10:40.333Z"
"UNBID","unbid.lol","https://unbid.lol/","Websites & products","The anti-auction: rising is free and random, and money only buys the current king's death at a price the killer sets.","Checked - unreadable","","","13","","","2026-08-21T18:50:05.000Z","2026-08-21T13:21:34Z","Cloudflare, Inc.","0","0","2026-08-22T17:58:39.698Z"
"Outbid.top","outbid.top","https://outbid.top/","Websites & products","The multilingual one: the same paid ladder, served in English, Chinese and Spanish, thirty rows deep.","Measured","$63","$4","","","","2026-08-21T18:50:04.000Z","2026-08-20T16:21:54Z","Namecheap Inc.","0","0","2026-08-31T01:28:52.345Z"
"bidit.lol","bidit.lol","https://bidit.lol/","Websites & products","Any price places you: bid under the top and you still get the best spot that money buys.","Measured","$69","$16","1","","","2026-08-21T18:50:03.000Z","2026-08-21T12:01:30Z","HOSTINGER operations, UAB","0","0","2026-08-31T01:28:52.533Z"
"bidbid.lol","bidbid.lol","https://bidbid.lol/","Websites & products","The daily one: a pay-to-rank board that closes every night, archives the result and starts over.","Explicit $0","$0","$10","1","","","2026-08-21T18:50:02.000Z","2026-08-21T12:56:24Z","Name.com, Inc.","0","0","2026-08-21T23:46:45.842Z"
"OnlyBid","onlybid.lol","https://onlybid.lol/","Websites & products","Your bid is your rank: no algorithm, no votes, a dozen sites already paying to hold their row.","Measured","~$10","$1","10","","","2026-08-21T18:50:01.000Z","2026-08-21T08:13:23Z","NameCheap, Inc.","0","0","2026-08-31T01:28:52.726Z"
"superbid.lol","superbid.lol","https://superbid.lol/","Websites & products","The leaderboard money can buy: outbid the row above and take its place, with public stats like the big ones.","Checked - unreadable","","$1","1","","","2026-08-21T18:50:00.000Z","2026-08-21T09:50:08Z","NameCheap, Inc.","0","0","2026-08-21T23:53:05.491Z"
"Outbidme","outbidme.lol","https://outbidme.lol/","Websites & products","One spot only. Pay more than the current holder and the top is yours; no timer, no algorithm.","Checked - unreadable","","","1","","","2026-08-21T18:10:08.000Z","2026-08-21T10:51:43Z","Key-Systems, LLC","1","0","2026-08-21T18:45:00.000Z"
"PrivBid","privbid.com","https://privbid.com/","Websites & products","Privacy tools and projects on one board, whole-dollar bids settled in Monero.","Checked - unreadable","","$105","7","$10","Monero","2026-08-21T18:10:07.000Z","","","0","0","2026-08-21T23:53:05.653Z"
"whynotalso.bid","whynotalso.bid","https://whynotalso.bid/","Websites & products","Websites and X profiles; every dollar is a point, and you pass the entry above you to steal its place.","Measured","$70.30","$6","12","","Stripe","2026-08-21T18:10:06.000Z","2026-08-20T23:19:17Z","Cloudflare, Inc.","0","0","2026-08-22T15:18:37.320Z"
"bidfast.lol","bidfast.lol","https://bidfast.lol/","Websites & products","The hybrid: outbid the row above, or get your community to upvote you past it.","Explicit $0","$0","","0","$0","","2026-08-21T18:10:05.000Z","2026-08-21T05:24:15Z","Key-Systems, LLC","3","0","2026-08-22T17:05:00.000Z"
"builtwithai.lol","builtwithai.lol","https://builtwithai.lol/","AI tools & agents","Vibe-coded AI apps bid to rank on a public board; every dollar counts forever.","Measured","$24","$3","7","$1","Stripe","2026-08-21T18:10:04.000Z","2026-08-21T12:15:40Z","Cloudflare, Inc.","3","0","2026-08-22T22:38:47.458Z"
"takeone","takeone.lol","https://www.takeone.lol/","Websites & products","Pay your way to #1. New spots start at $5; the crown costs a dollar more than the king.","Measured","$15","$5","","$5","Stripe","2026-08-21T18:10:03.000Z","2026-08-21T12:33:46Z","Spaceship, Inc.","0","0","2026-08-22T10:39:52.133Z"
"BidTop","bidtop.lol","https://bidtop.lol/","Websites & products","Websites and X handles; rank is total spend, and you pay the gap to take #1.","Measured","$2","","","$1","","2026-08-21T18:10:02.000Z","2026-08-21T13:39:31Z","Porkbun LLC","0","0","2026-08-30T02:11:40.486Z"
"PureMoney","puremoney.lol","https://puremoney.lol/","Websites & products","One permanent public board. First spot costs a dollar; each new #1 costs a dollar more than the last.","Measured","$187","$27","1","$1","","2026-08-21T18:10:01.000Z","2026-08-20T23:43:08Z","HOSTINGER operations, UAB","0","0","2026-09-03T10:55:04.686Z"
"topseos.lol","topseos.lol","https://topseos.lol/","Websites & products","The pay-to-rank board for SEO experts, agencies and apps — the dearest door in the family.","Measured","$778.25","$150","17","$29","","2026-08-21T18:10:00.000Z","2026-08-21T10:24:33Z","Dynadot Inc","1","0","2026-08-31T01:28:53.315Z"
"agencyrank","agencyrank.lol","https://agencyrank.lol/","Websites & products","No awards, no reviews, no algorithms — agencies pay to rank, from a dollar.","Measured","$6","$3","3","$1","","2026-08-21T17:55:00.000Z","2026-08-21T11:21:37Z","NameCheap, Inc.","0","0","2026-09-04T07:40:03.524Z"
"befirst.lol","befirst.lol","https://befirst.lol/","Websites & products","Getting on the board is free forever; getting to the top costs money, and whoever holds #1 at midnight enters the Hall of Fame.","Measured","$4","$1","14","$1","","2026-08-21T17:55:00.000Z","2026-08-21T16:51:46Z","Key-Systems, LLC","1","0","2026-08-31T01:28:53.848Z"
"cloutbid","cloutbid.lol","https://cloutbid.lol/","X accounts","The creator leaderboard: pay real money to rank social profiles, higher bid higher rank.","Measured","$16","$4","2","$1","","2026-08-21T17:55:00.000Z","2026-08-20T22:18:33Z","Cloudflare, Inc.","4","0","2026-09-03T03:59:54.240Z"
"Dethrone","dethrone.lol","https://dethrone.lol/","Websites & products","The Shopify app leaderboard: your total over the last 30 days is your rank, so the crown must be re-earned.","Checked - unreadable","","$2","1","$1","","2026-08-21T17:55:00.000Z","2026-08-20T13:49:45Z","NameCheap, Inc.","0","0","2026-08-21T23:53:06.269Z"
"famebid","famebid.lol","https://famebid.lol/","X accounts","People competing for internet fame: add your profile, outbid the person above, take their spot.","Measured","$4","","","","","2026-08-21T17:55:00.000Z","2026-08-21T09:18:32Z","Cloudflare, Inc.","3","0","2026-08-30T02:11:41.197Z"
"Outpay","outpay.lol","https://outpay.lol/","Websites & products","Pay more, rank higher. No ads, no subscriptions — just outpay the row above.","Checked - unreadable","","$2","1","","","2026-08-21T17:55:00.000Z","2026-08-21T07:44:46Z","HOSTINGER operations, UAB","0","0","2026-08-21T23:53:05.958Z"
"outrank.lol","outrank.lol","https://www.outrank.lol/","X accounts","There is only one way to be #1 on X: pay more. No algorithm; the highest bid wins the account slot.","Measured","$15","$6","4","$1","","2026-08-21T17:55:00.000Z","2026-08-20T08:22:03Z","Spaceship, Inc.","3","0","2026-08-30T02:11:41.548Z"
"saasrank","saasrank.lol","https://saasrank.lol/","Websites & products","The SaaS leaderboard money buys; the top row shows how long it has held on.","Checked - unreadable","","$3","7","","","2026-08-21T17:55:00.000Z","2026-08-21T10:08:12Z","Cloudflare, Inc.","0","0","2026-08-21T23:53:06.100Z"
"Topspot","topspot.lol","https://topspot.lol/","Websites & products","One permanent leaderboard for the internet; pay once, stay on the board.","Checked - unreadable","","$39","16","","","2026-08-21T17:55:00.000Z","2026-08-20T15:05:56Z","NameCheap, Inc.","0","0","2026-08-21T23:53:06.410Z"
"One Million Dollar Race","onemilliondollarrace.com","https://onemilliondollarrace.com/","Games & clips","A pay-to-rank board dressed as a stock-car race: your total paid is your speed, and your speed is your position.","Checked - unreadable","","","3","","","2026-08-21T17:30:12.000Z","","","4","0","2026-08-21T23:53:06.714Z"
"iamtherichest.lol","iamtherichest.lol","https://iamtherichest.lol/","X accounts","One crown, real money. The highest lifetime total is The Richest; dethroning costs a dollar more.","Measured","$1","","","$1","Stripe","2026-08-21T17:30:11.000Z","2026-08-20T18:50:18Z","NameCheap, Inc.","3","0","2026-08-21T22:03:48.414Z"
"BetterOutbid","betteroutbid.site","https://betteroutbid.site/","Websites & products","Built within a day to out-outbid the original. Put your product on the board and climb.","Checked - unreadable","","","","","","2026-08-21T17:30:10.000Z","2026-08-20T17:10:23.254Z","HOSTINGER operations, UAB","2","0","2026-08-21T23:53:06.864Z"
"ChannelBid","channelbid.lol","https://channelbid.lol/","X accounts","Social channels on the block: TikTok, YouTube, Instagram, Twitch and X accounts bid for #1.","Measured","$7","$7","12","$1","Stripe","2026-08-21T17:30:09.000Z","2026-08-21T05:33:55Z","Name.com, Inc.","4","0","2026-08-21T22:03:48.564Z"
"LaunchArena","launcharena.dev","https://launcharena.dev/","Websites & products","Pay to claim a permanent spot on the board; the amount decides the rank.","Measured","$80","$21","10","","","2026-08-21T17:30:08.000Z","2026-08-21T07:05:57.913Z","Name.com, Inc.","1","0","2026-08-31T01:28:54.021Z"
"Outapp","outapp.lol","https://outapp.lol/","Websites & products","The competitive app leaderboard. Pay to move up and see exactly what traffic you received.","Measured","$2","$1","5","$1","","2026-08-21T17:30:07.000Z","2026-08-20T22:38:22Z","Porkbun LLC","1","0","2026-08-31T01:28:54.227Z"
"appbid.lol","appbid.lol","https://appbid.lol/","Websites & products","The mobile app leaderboard. No ads, no accounts — outbid your way to the top.","Checked - unreadable","","$3","1","$1","","2026-08-21T17:30:06.000Z","2026-08-21T10:19:18Z","HOSTINGER operations, UAB","1","0","2026-08-21T23:53:07.200Z"
"founderboard.lol","founderboard.lol","https://founderboard.lol/","X accounts","X and LinkedIn profiles on a public board. Followers don't count; the highest bid sits at #1.","Measured","$15","$10","1","$1","","2026-08-21T17:30:05.000Z","2026-08-21T12:18:28Z","Porkbun LLC","4","0","2026-08-31T01:28:54.425Z"
"VibeWar","vibewar.lol","https://vibewar.lol/","AI tools & agents","The battlefield for vibecoded apps and SaaS. Founders pay to put their build on top.","Measured","$1,708.66","$107","27","$1","Stripe","2026-08-21T17:30:04.000Z","2026-08-21T08:08:32Z","NameCheap, Inc.","9","0","2026-08-31T01:28:54.594Z"
"eu-outbid.lol","eu-outbid.lol","https://www.eu-outbid.lol/","Regional & other currencies","A leaderboard for European startups, paid in euros. Rank is the bid and nothing else.","Measured","$20.88","$5.80","5","","","2026-08-21T17:30:03.000Z","2026-08-21T05:08:18Z","OVH sas","3","0","2026-08-31T01:28:54.771Z"
"outbids.lol","outbids.lol","https://outbids.lol/","Websites & products","The plural one. A live board where your bid decides your rank — still waiting for its first bid.","Measured","~$4,089","$128","0","","","2026-08-21T17:30:02.000Z","2026-08-20T19:36:19Z","Spaceship, Inc.","5","0","2026-09-04T07:50:06.717Z"
"BidAnything","bidanything.lol","https://bidanything.lol/","Websites & products","Your app, your startup, your video, your cat — if it has a link, you can bid it to the top.","Measured","$210","$101","10","$2","","2026-08-21T17:30:01.000Z","2026-08-21T02:32:25Z","Key-Systems, LLC","1","0","2026-09-01T20:09:34.865Z"
"overbid.lol","overbid.lol","https://www.overbid.lol/","Websites & products","Rank is for sale. Overbid everyone, take #1, and get seen when the board goes viral.","Measured","$74","$1","25","","","2026-08-21T17:30:00.000Z","2026-08-20T19:39:42Z","NameCheap, Inc.","1","0","2026-09-02T13:55:05.183Z"
"BID CLUB.","bidclub.lol","https://bidclub.lol/","Websites & products","Websites, All Social Media Accounts, And Apps","Measured","$44","$7","2","2","Stripe","2026-08-21T17:02:47.839Z","2026-08-21T01:55:31Z","Key-Systems, LLC","2","0","2026-08-30T02:11:42.759Z"
"Bid Directory","biddirectory.lol","https://biddirectory.lol/","Directories of bid sites","Bid sites, ranked by bid. One flat board; anyone can buy a row.","Checked - unreadable","","$41","39","$1","","2026-08-21T00:00:18.000Z","2026-08-21T00:54:39Z","NameCheap, Inc.","7","0","2026-08-30T02:11:42.931Z"
"Desbanque","desbanque.com.br","https://desbanque.com.br/","Regional & other currencies","O topo está à venda. The Brazilian one.","Measured","$75.40","$18.18","16","","","2026-08-21T00:00:17.000Z","2026-08-20T13:52:00Z","","6","0","2026-09-01T19:50:19.872Z"
"paisaphek.com","paisaphek.com","https://paisaphek.com/","Regional & other currencies","You don't earn #1 here, you buy it. The Indian leaderboard, paid in rupees.","Measured","$33.26","$11","","₹99","UPI & cards","2026-08-21T00:00:16.000Z","2026-08-20T19:18:44Z","Cloudflare, Inc.","3","0","2026-08-31T01:28:55.546Z"
"Advertising is Hard","advertisingishard.com","https://advertisingishard.com/","Ads & billboards","Advertising is hard, so skip it and pay to be seen. Top 5 shown on every page; 90-day seasons.","Measured","$64","$10","9","$2","","2026-08-21T00:00:15.000Z","2026-08-20T10:52:02Z","Realtime Register B.V.","4","0","2026-09-01T12:04:29.863Z"
"freshgames.lol","freshgames.lol","https://freshgames.lol/","Games & clips","Put your game at #1. A board for getting games in front of players.","Measured","~$57","$21","5","","","2026-08-21T00:00:14.000Z","2026-08-20T19:41:05Z","Key-Systems, LLC","3","0","2026-09-03T07:35:06.143Z"
"ForcePlay","forceplay.lol","https://forceplay.lol/","Games & clips","Pay to force the clip. YouTube, TikTok, SoundCloud and X clips; #1 plays until outbid.","Measured","$3","$2","1","$2","Stripe","2026-08-21T00:00:13.000Z","2026-08-20T23:59:17Z","Cloudflare, Inc.","4","0","2026-08-31T01:28:56.125Z"
"outcrypto.bid","outcrypto.bid","https://outcrypto.bid/","Crypto & tokens","The crypto attention auction on Base. Tokens ranked by what their communities bid.","Measured","$20","$9","5","$1","USDC on Base","2026-08-21T00:00:12.000Z","2026-08-20T12:52:07Z","Cloudflare, Inc.","6","0","2026-08-21T23:46:49.268Z"
"aistartups.lol","aistartups.lol","https://aistartups.lol/","AI tools & agents","Find interesting AI startups and tools — ranked by what they bid.","Measured","$86","$9","7","$2","","2026-08-21T00:00:11.000Z","2026-08-20T17:51:18Z","Key-Systems, LLC","3","0","2026-09-01T19:50:20.287Z"
"Hotseat","hotseat.fyi","https://hotseat.fyi/","AI tools & agents","Humans and agents bid for the same number one. Sites, X profiles and agent cards.","Measured","~$12","$5","3","$2","Stripe","2026-08-21T00:00:10.000Z","2026-08-21T09:55:42.088Z","Cloudflare, Inc","3","0","2026-08-31T01:28:56.527Z"
"xme.lol","xme.lol","https://xme.lol/","X accounts","Clicks are ephemeral, followers are forever. A bid directory for X profiles.","Measured","$710","$46","35","","","2026-08-21T00:00:09.000Z","2026-08-21T08:39:13Z","Cloudflare, Inc.","1","0","2026-08-31T01:28:56.713Z"
"xbid.lol","xbid.lol","https://xbid.lol/","X accounts","The leaderboard is for sale. X accounts ranked by what they paid, not followers.","Checked - unreadable","","$11","1","$1","","2026-08-21T00:00:08.000Z","2026-08-20T22:46:30Z","Key-Systems, LLC","3","0","2026-08-30T02:11:44.058Z"
"bidboard.lol","bidboard.lol","https://www.bidboard.lol/","Websites & products","The indie hacker directory where rank is bought. Free dofollow listings, paid placement by category.","Measured","$14","$5","5","$1","","2026-08-21T00:00:07.000Z","2026-08-20T13:15:58Z","NameCheap, Inc.","0","0","2026-08-21T22:03:51.812Z"
"topbids.lol","topbids.lol","https://topbids.lol/","Websites & products","Buy your way to #1. Product links; the NYC billboard of bid boards.","Measured","$400","$100","","$1","Stripe","2026-08-21T00:00:06.000Z","2026-08-20T20:28:29Z","Name.com, Inc.","0","0","2026-08-31T01:28:56.911Z"
"topapp.lol","topapp.lol","https://topapp.lol/","Websites & products","Pay your way to #1. Apps on the board.","Measured","$2,912","$200","69","","","2026-08-21T00:00:05.000Z","2026-08-20T16:43:20Z","NameCheap, Inc.","16","0","2026-08-31T01:28:57.093Z"
"outdo.lol","outdo.lol","https://outdo.lol/","Websites & products","Out-do the king to take the throne. Product links and social handles.","Measured","$21","$10","1","$2","","2026-08-21T00:00:04.000Z","2026-08-20T20:32:10Z","NameCheap, Inc.","0","0","2026-08-21T22:03:51.986Z"
"uprank","uprank.lol","https://www.uprank.lol/","Websites & products","Pay more, rank higher. Websites and X profiles; ranks never expire, clicks shown on every row.","Measured","$908","$79","31","$1","Polar","2026-08-21T00:00:03.000Z","2026-08-21T01:17:27Z","Spaceship, Inc.","0","0","2026-09-03T13:19:33.706Z"
"BidUp.lol","bidup.lol","https://bidup.lol/","Websites & products","Pay to rank. Websites, with $1/$5/$10/$25 quick-raise buttons.","Measured","$16","$6","4","$1","","2026-08-21T00:00:02.000Z","2026-08-20T22:30:45Z","NameCheap, Inc.","0","0","2026-08-30T02:11:44.824Z"
"Outbid.to","outbid.to","https://www.outbid.to/","Websites & products","Buy the top spot before your competition does. Calls itself the shameful clone.","Measured","$65.99","$10","7","$2","","2026-08-21T00:00:01.000Z","2026-08-20T12:14:09.520Z","Spaceship, Inc.","0","0","2026-08-31T01:28:57.517Z"
"outbid.lol","outbid.lol","https://outbid.lol/","Websites & products","The original. A public product leaderboard where rank is the bid — nothing else.","Measured","$255,068.61","$17,000","55+","$5","Polar","2026-08-21T00:00:00.000Z","2026-08-19T17:47:18Z","NameCheap, Inc.","23","0","2026-09-04T06:49:26.730Z"
